cutter,relative_path,size_bytes,sha256
C1,c1/c1/c_1_001.csv,5530576,a4b24c44792d1b402ae70b6e0a4c746aaa96a9585064ea1057b2a2b412bb8f3f
C1,c1/c1/c_1_002.csv,9520317,86d2081bc7b5d47a70733f00474fc7e46039b2742981cadf2b349e167b02ca69
C1,c1/c1/c_1_003.csv,9546759,1fff6f8a41187ebf4622e6f20197179e4c5ea6b3a0f105bcf1fb66cb2d7a2425
C1,c1/c1/c_1_004.csv,9558033,2b66403fe4ec0a656f72ccf504a444423906487b58672ccea899a4d2a1715207
C1,c1/c1/c_1_005.csv,9528563,54b7c3c9f66d65fc05b7b6fd7618f04160bdd21a0a74fe87d35532b3c7501ce5
C1,c1/c1/c_1_006.csv,9614745,af66f0b2818c9c1283da334c250caee493cd4ce07197e2b5788dc1d3ab9acf80
C1,c1/c1/c_1_007.csv,9621484,9b4357026c625c2ae9c1bcf139938b50830c5edb7d200d8ec9302d4aca05404e
C1,c1/c1/c_1_008.csv,9597889,cc6b3938127bab8af041edb43a489f566d03fa1703f99fa56cb1686defc7e71c
C1,c1/c1/c_1_009.csv,9551328,88845fec17c759cd4261f9b0bbde5ddca789672871aeb5ac4de2e86e3470b032
C1,c1/c1/c_1_010.csv,9585564,1107c2eab358f223de55d7b77a945a226b64f70f92c816f67a9b10cd72374b95
C1,c1/c1/c_1_011.csv,9589971,6eb325609365d4674d382821d94f3eb90e3e48f5a4155b3d2f6f54c57ff58849
C1,c1/c1/c_1_012.csv,9580150,e3df4996e383677215e93f4bb31f2cae41dfdfff4381ffc3d235eebbfd0bf07b
C1,c1/c1/c_1_013.csv,9574914,39a62fda291ca346cdfabc6259af76e16ff9e88f6e99e2fd1a8d76cd8e68e42e
C1,c1/c1/c_1_014.csv,9620908,ddbb01b5e63755672b27148ad84b8b607f63091e5b42d5c9915bc834db3c913e
C1,c1/c1/c_1_015.csv,9646440,b3b9b208fcda0398668734c92cb6776ffafae89385db01724a676a44c9687692
C1,c1/c1/c_1_016.csv,9642449,11805a2aacf1c2463373d7406bbe5cd06033a03afeb6cf45076cf41eaa38d224
C1,c1/c1/c_1_017.csv,9658356,b433ad1e5d90d5da087f6293a45191f85a6b9d380022376590a7b970f72bd6e7
C1,c1/c1/c_1_018.csv,9685938,fa7d23f44d959e51cfad2bbf48d3a8639d6e88de6c94632f035dcb7b99922e65
C1,c1/c1/c_1_019.csv,9721103,c9c67cb15bf225fad119b623e5908c68a44e36aa64bf7d51e9ed2eab34ab2004
C1,c1/c1/c_1_020.csv,9739312,02703949a91806b9e0e5cae041631fe5027a7d25fd724ed6511a8966372e7950
C1,c1/c1/c_1_021.csv,9701442,ec36ee7bb70f39acf340cafcf65cb9b89b6d4fcc18dfb1098af14348f7639e4c
C1,c1/c1/c_1_022.csv,9629132,43197bb7c787778369ed0b3514c89bbd9af1aa3cc1e5bc218d073b94175f87c6
C1,c1/c1/c_1_023.csv,9636158,b3b88f5911d37e1e01b2f407771d6bc064095311c0ef40b180757a2f636c6e5b
C1,c1/c1/c_1_024.csv,9620791,3966bac0419325d6dc613ab16851dba980ca639fde89c50602ce90cd96e698a2
C1,c1/c1/c_1_025.csv,9610122,7be702d1dc609c2782e483b50e10100776be2e57660fecca25fe2a2be4954959
C1,c1/c1/c_1_026.csv,9612187,3e336b7a6f500d420a380cdb3b60644bfe1c4d3a3083c1a97e74c4863049f646
C1,c1/c1/c_1_027.csv,9611270,50790e3ca49a2ef07efb189906828eefd1b9f5686039a0c9b3c36681ce1b19d9
C1,c1/c1/c_1_028.csv,9607540,3b90d05d9c57293a71a709a2d104465da8b1c2d49436372d9268f1d27a9f652d
C1,c1/c1/c_1_029.csv,9613064,50db301d867fd8589b7932df4480a708d749e57e7b8bdb597717ba5e65346492
C1,c1/c1/c_1_030.csv,9607338,02b7629ee4fc666feb2d745532240332661f985f7e136b6a05bd1b537cca7915
C1,c1/c1/c_1_031.csv,9609981,15ee6c5743fdf91a90a77b781a016474b4a9e296e1c671d32b70119a55d84420
C1,c1/c1/c_1_032.csv,9606451,650a86b2bf2b4b49ab8ea5f6b0e4a6e56c82a6d7919d64778d32b7f0cfccca6b
C1,c1/c1/c_1_033.csv,9565888,b84bd396577937d9e5ad5593ac798a068397c2d60787d30639c8dc9338926083
C1,c1/c1/c_1_034.csv,9645847,ee01b6ac0b4719e1e068447a773b892e34f7f032154f146c2a3a94563191c553
C1,c1/c1/c_1_035.csv,9637393,0bb84b66ecf6159cd8cf35c5881de71840c5ee3dae01f003680600ddf94cd244
C1,c1/c1/c_1_036.csv,9629742,e49f3c9add4937b223af349e076b14998e3e4e02623490f5a5ad473463d05005
C1,c1/c1/c_1_037.csv,9615187,252cf6492a844745274a7607532e7c6591e33e18fa6e90dcf31ffb0dd9b63d70
C1,c1/c1/c_1_038.csv,9606978,f4090a2cc504e34e236c2d19f35d226a41e306ce9d5084d6187e8197006ff8c7
C1,c1/c1/c_1_039.csv,9621728,c5b94f54a1f6e4e604314334a513bc8d0778cd0e4469063dea50a2136ce06eff
C1,c1/c1/c_1_040.csv,9611421,f314a0a9e3c6b249ece7e9d70fb63c5ff37fa8af5b5f5aec172a0fd66f620fa4
C1,c1/c1/c_1_041.csv,9618106,477b6d840cf73a3f79af8afda00cb091dd117616fbf371d81abfdbecd8b41f72
C1,c1/c1/c_1_042.csv,9606363,b5792aed8bb9ff06b56d09dfe2d6923c27d0c6639a5f640ed59219f2b8d7ace8
C1,c1/c1/c_1_043.csv,9610022,32ad88537e43b6a63661c370b0c876a438a199dde2dc5c2b02cab6ce4536f4bb
C1,c1/c1/c_1_044.csv,9621156,bc9c9f2fa06152437195a5c88f2e9094d2852442ec56a3e8a4df37897bb51233
C1,c1/c1/c_1_045.csv,9609476,be0b1af0edc72e4a5f7a5896a98dce819904ad8687cd9034c408b426d33e757d
C1,c1/c1/c_1_046.csv,9621777,000c8209732121d5caaa77959a3aa33e1acfba8a60ce8da62915eb90da3ba19d
C1,c1/c1/c_1_047.csv,9616154,a829632c98cac2d885fac2a7d58ac7cf4bc28936f126b5dc96c02c080fbaa876
C1,c1/c1/c_1_048.csv,9617800,7637a48e83a5c1587db8614d4600095913c61b0b316aad2b2aebfafaec05a279
C1,c1/c1/c_1_049.csv,9616145,4314fd6603a80d4c1de3c59884cd00d519396c4ff4e601f34333e51e555dfb9c
C1,c1/c1/c_1_050.csv,9615203,381f1abb603a3449c8b38e5fd2ed3960a62aa1036c76a658a214dba637379f59
C1,c1/c1/c_1_051.csv,9617728,1696c4cb24c725b2a6783656ee5ea15a65f0f9aa300ba054f41901738e97fbdf
C1,c1/c1/c_1_052.csv,9615671,be96edcfd0c4dbf414d29c67e639614d51297328ce9486b98ed9a4891a926a1d
C1,c1/c1/c_1_053.csv,9617799,8a7d741f8094ffd82ae5737968284260c219d63ea16e2c2dd422ed8097fef81a
C1,c1/c1/c_1_054.csv,9630243,ea19418a272cd950ffae050f760447c18ce49003b53e04b2516b6bc3bdf737d8
C1,c1/c1/c_1_055.csv,9624020,13220c221e13e5322a3f477aa8871e56a43f67f6c7fa8e5aacffb494281dbb30
C1,c1/c1/c_1_056.csv,9619298,fc2a29d5a00bde5419f780471756640301134ffd2b7d50a5ff183b53e96c3d78
C1,c1/c1/c_1_057.csv,9634231,8c76fe5850005dee09a759f028283f971d2fbe781f2a37916b0ed27fc6f0042b
C1,c1/c1/c_1_058.csv,9613470,39f4193c844b7d535fe782e2356ff757e4cf63ae41216b4de6b368a7568e1ed4
C1,c1/c1/c_1_059.csv,9630785,6329b2f5c1875a6f7c2571175b56db260c31056e726a0454b19c04c6725eb828
C1,c1/c1/c_1_060.csv,9632282,59ff61558cb6644c845dfd692cab09ab65e874d9d303b027c53c0ede179af8ab
C1,c1/c1/c_1_061.csv,9632196,59a9d2bc0dc93f8264e426f7c6045130a3ecd7de6581c76a6f3e96e845b5c165
C1,c1/c1/c_1_062.csv,9633910,de806fc049119a9e25b96f98f86321553d67d9e53238138be9d9d17316b7f750
C1,c1/c1/c_1_063.csv,9632197,776411f8c007e8d96941e5c44f594f075857c69367b8cdd843d5e697b6e2be15
C1,c1/c1/c_1_064.csv,9628968,30d5777ca2e5c91facfad49e06aad8d50a12996d82eccf4cb7bb23e7aea15758
C1,c1/c1/c_1_065.csv,9674766,6bb37c82d32b95f4527b92bddaf5fd897e41ee84a93487c51d36ecff8120dcc8
C1,c1/c1/c_1_066.csv,9665200,2cb8d73ed641e043b53f6d2382504b876ac84fb7767b9a8dbc5eb8311bead4a5
C1,c1/c1/c_1_067.csv,9659555,9596f7eb0a20f2d5da8b4e8b7415db4d17e8880f7713694b80718c880f3d6dad
C1,c1/c1/c_1_068.csv,9646463,391d34bd9f7e8424dae50b8c9edd9f43d53a7597a715861b3fdf4665b49d461c
C1,c1/c1/c_1_069.csv,9650230,5fc0dfa642585625d9d2f919d998e02e8561a783b696d4b60a9eb648505a2c25
C1,c1/c1/c_1_070.csv,9647737,8573537ae141e6898a09adcfb80a36af84bfd01afd5862aa3ec41ce560606482
C1,c1/c1/c_1_071.csv,9654820,a60ff3bf9cdfdd2196dede8686c5c0809ee51b6b3bc1b354efd9ef45a8fd7e01
C1,c1/c1/c_1_072.csv,9653858,c75f3e45dd0a500933380ac34c1904eec383fde59f4227272e529967d5b7eed5
C1,c1/c1/c_1_073.csv,9656097,7ddd0c0394b792b9b5769e2e54b4ac2f7b8ed63ca3a6fc7964905bc9c9d05c54
C1,c1/c1/c_1_074.csv,9655856,c6830ce58cea6c137272a25731565dc56c94b0d0bcfb83b2859fd56d2282177b
C1,c1/c1/c_1_075.csv,9667536,8882d9a3109df72495edbc46f14f047542dab1ee5f2aab54055c0d7402a97738
C1,c1/c1/c_1_076.csv,9663385,9e0170e2593073ea7f1c083e303e8683f5e511f71e64dad68324092c288704f4
C1,c1/c1/c_1_077.csv,9664374,e4f30677e2a72f47a7351e0a51af9b9340c0154f67cef053c2860a31f31a6e0c
C1,c1/c1/c_1_078.csv,9665774,57900dcd765c06002f43a6ba0934929770b8bf375aeeb4df7686d5484c292779
C1,c1/c1/c_1_079.csv,9666299,48099f25fbcb96ea327f0343d8dfab6652c4c709b1f23098308bee24b606c433
C1,c1/c1/c_1_080.csv,9663850,d4d28c880cb4473098e57ba49ddf33864fea28fc8e7fb777c5db71efa96ade1d
C1,c1/c1/c_1_081.csv,9673267,d0dd1cd86dfe1f24327392bef04e00c3af706d32ab1e2b2a81dcd4e88e92ce5a
C1,c1/c1/c_1_082.csv,9672158,8037995fe28cb3cc012f1c85b8aa55cd0c7f98dcb63ec135e59c853b1b569b8a
C1,c1/c1/c_1_083.csv,9669080,486db60ec90a28b443a8cb8dc6329a0294b31c3405e8326db7996b6242679a25
C1,c1/c1/c_1_084.csv,9671160,66566b299c5ed64442e3e6a73af40e780a8107248c2c65b29c57c190a16fe371
C1,c1/c1/c_1_085.csv,9684948,031464aaefed8f9a8d50587525085dbae8812d7fe13a86b55084cf0090cf11a7
C1,c1/c1/c_1_086.csv,9681630,dbb25fc1af38b88e000f62ec8cb49871f1489b693526ccc0fb0ca94ab7b73eb4
C1,c1/c1/c_1_087.csv,9674595,6bd94a888e96225147225a9764987a88fd2c4e372fd46a58302d9e24e83412bb
C1,c1/c1/c_1_088.csv,9682188,c29b7914cd8b4d146d75aeeca326d6ecaf005ac4c36f22a8562b484c02e01aa5
C1,c1/c1/c_1_089.csv,9683948,2b275bfed06ca459fc226b1693164932b58f20df829bab81e5aadf057f09d391
C1,c1/c1/c_1_090.csv,9680802,48a72c22cfe03da4bf2305ce31e246c1abb0307bbb449f22851a32356e87a6c9
C1,c1/c1/c_1_091.csv,9684920,a33c130e0a911d267e1021c99f2adf3bbcb81b25918ac3d7c6f0aeb096193314
C1,c1/c1/c_1_092.csv,9687457,32ebe2eb530872f32bd9b512934b68a7eb30eb7c3f48b86b5b9730e1db49c0b6
C1,c1/c1/c_1_093.csv,9690848,6ec521439b357772d9a7e64edf068bf5a2fd9e7ec6262d592a6b442a1a102675
C1,c1/c1/c_1_094.csv,9693327,45a108808edb445a821595c66484d2d57c1dc67635c042b1b4b4a9ae58d9703a
C1,c1/c1/c_1_095.csv,9692894,b560e2ac8f1de8b20fd24163aa80ee8b0777694d52e1c74ecb390293a28f12eb
C1,c1/c1/c_1_096.csv,9691804,9371814a1555ddca57d7b7f228b1678ce3469a7dff670a5647b9d5a0e443bff5
C1,c1/c1/c_1_097.csv,9832221,4ce5906dbc08f9ce00404b0d0edb026b957b5ad3b174eb6d13e1e2d0a62571ce
C1,c1/c1/c_1_098.csv,9738298,55f123c370ab609098111af302163ba19cabb4b5d5825e79476bcb2ce71a987d
C1,c1/c1/c_1_099.csv,9734416,af90692c24951cc7cc8f0405f170fe2f576f1e0133250386800c35ccdfb1a713
C1,c1/c1/c_1_100.csv,9730150,da0bee30686b9594e103d3fbc045da6fe81f9ff4e0f0a931e9700e36cbc592fb
C1,c1/c1/c_1_101.csv,9729878,e85273a92b2b63084f027e511d76ae25089fee958e40362586d1c1aeae33a5f0
C1,c1/c1/c_1_102.csv,9731953,e138cb7f16a39d0dbf09c08c2e4f5d8453d94a0dfeaf4c43aa2768057e5d182d
C1,c1/c1/c_1_103.csv,9735428,0eef4ab4c9d128ae134cb06d9626be7b2ce6f6aa3b6fff5f2b85b47d5f168385
C1,c1/c1/c_1_104.csv,9739592,015a9aa2866e955db17260ecc9f3e7f2f29c654b6419b540136f328f10003cf0
C1,c1/c1/c_1_105.csv,9736666,d6bbc98e53f383b0da27beed6f4c3bb9ce26817279d5af27ca82698643c942ee
C1,c1/c1/c_1_106.csv,9740521,eeecbffd677a6075f84f151b08ebc54bf5d505a2c7e63985541a86433d0cc656
C1,c1/c1/c_1_107.csv,9751425,943834a473e42e142cc6cb32417a0fabf40a8c32e82cc689118d91948d6a17ef
C1,c1/c1/c_1_108.csv,9743216,8a2869020d85d5866e02b3be3703e8731012957dc8d3f2f393f190489e909d34
C1,c1/c1/c_1_109.csv,9757067,06dc109797424bef567637f0475280d4b464e3809a66bc6febdf846080dac920
C1,c1/c1/c_1_110.csv,9749777,a7f2efb6fa5e5d65bd3fa13d04ef12beac16de13bcce431caca244f6522bb342
C1,c1/c1/c_1_111.csv,9744161,17cfc5ca0497c887d4fac0745065a9061c2e3e801edbc4adfdee62ffd2831d4c
C1,c1/c1/c_1_112.csv,9748278,366e1192834f4f5d112ffab12a22744b788ba014885dd8684a4f2839df51c7fb
C1,c1/c1/c_1_113.csv,9758740,03c5d9018404bd9b836fbd57a84f9a8a03b5769159029eb58cbfa3a28731003d
C1,c1/c1/c_1_114.csv,9754203,95dab7c9914c8ae325c4b5b293957d708c2ede443d2ce3e01d2aef5a621fa252
C1,c1/c1/c_1_115.csv,9761933,b1b919d9fd27f86a208577286e4f35db6374719eb57627abe8b782def5ab403d
C1,c1/c1/c_1_116.csv,9766383,2f066575fccf8e2fc555504325937e1628275814cf3de86c5b2ce48a191b8e4d
C1,c1/c1/c_1_117.csv,9766353,30d26b77d1f84d034b4366f977fd58e46c983acb03c35df0dc5fce1b5d929db3
C1,c1/c1/c_1_118.csv,9760193,12e9cf73bfcd677a88842fe251b82feab93af1879661578ce21d5d0737a37c65
C1,c1/c1/c_1_119.csv,9769098,53dd13698f9a2bfbf1b63428db63e9cacba68a4d361067f9663ab40bf522b438
C1,c1/c1/c_1_120.csv,9764136,7aa84fc6fff68b626b38decda8849d07da6046480ed60030f3a7f45a3f3d301e
C1,c1/c1/c_1_121.csv,9771697,1bb757585eeb53869df2cc15cc5d537c567b98b26e7007960b65e8874f6575f7
C1,c1/c1/c_1_122.csv,9766689,5a12e56f5d0b6b26ae03500c551299f8b15016c7d9e37b57c351baf9e132fc20
C1,c1/c1/c_1_123.csv,9775689,6e9ae854dbc7dcc5d5277698714252f1435a1773d90c00f7d517b0fbcb69e488
C1,c1/c1/c_1_124.csv,9767122,26519847ef716edcb138d5d01f157c7aa141d4fb8eeaa094625631c1bfc0ce60
C1,c1/c1/c_1_125.csv,9770668,fc8449b4f3b8bc2d08c95d2d7b89817ab8c8d9853c4bdfd5da19193f3515183e
C1,c1/c1/c_1_126.csv,9773767,7947c70251682f2d22b31e356177ab89b22437de9a860fe2d05b5639b7ac5552
C1,c1/c1/c_1_127.csv,9770382,7f246ea323ac8ef65ddc74ba02518ca353c8d17b032f49c583a21491fc028faa
C1,c1/c1/c_1_128.csv,9779001,600fa8ba64f1160873f95e599d1d5fbf6482af97d93f6b770995096aafbdd1cf
C1,c1/c1/c_1_129.csv,9755783,89525faa3adf3f2375ac7dd12fe85a7bdd241443d8650ffe3e7508d35e29474d
C1,c1/c1/c_1_130.csv,9812345,72c4f74dfaa05e9749bf11cfbbb06b0223c7b5b343637f06468fb331db32d38d
C1,c1/c1/c_1_131.csv,9807080,781435366bbccc5ff1ac44f8be0d99277ef68109520a1b103c8eefe73ebce60f
C1,c1/c1/c_1_132.csv,9806104,adf09ee9e47a6639e42ed06beea2f962d4780b4409afbf0beda647e8fe418f35
C1,c1/c1/c_1_133.csv,9804727,509c6898c75db172fd86fa1191f2e74ed87509180dd39f8ee2a49e4ba60b4e3e
C1,c1/c1/c_1_134.csv,9807713,85b736bb534e4e5f566e86fd9f3436be403cb88f482f791fbc583f0e3752ed3e
C1,c1/c1/c_1_135.csv,9804024,104a91da0f15c3625de45db737556184e1209c5b47f17f3fc1a4a1e8f078fc6b
C1,c1/c1/c_1_136.csv,9809923,9d40238b2d67b3abdaf6784aa53a86af8c288c67ed5d12dc05bdb2769bf8ab55
C1,c1/c1/c_1_137.csv,9825360,161f85ab445bce773efd891b193312f2c658ffb53c2e230145b9d40dfbf15ce3
C1,c1/c1/c_1_138.csv,9817265,440ba52195dd8ca8f35a4ab2f0c0996d909ef93479bcbbc02c0495493340e8e2
C1,c1/c1/c_1_139.csv,9831449,9563c4d622f2af02227def1d4731c5a77d544962177325b0d9c1635643520808
C1,c1/c1/c_1_140.csv,9821760,f7cff68a4750c4091e520ba3ec90dac48d7ac32588e40f433626345b82d3ce4a
C1,c1/c1/c_1_141.csv,9824193,33f67c3d29324ba5a058cda2f95cb5050d43fa2a91ecf70a02c4c7d374a73ab2
C1,c1/c1/c_1_142.csv,9837860,c40cb20d54b063b0f51bd2ad34d329b3539e6f23c1ec860bec2a05a01c4e30f3
C1,c1/c1/c_1_143.csv,9836340,894d8290fb86863d46b3882e0ac8c03e08747ee24135d68e3ca35edfb944f846
C1,c1/c1/c_1_144.csv,9838294,1b70bd51bcc7e98e83ed68cf438db4614283cdeb86e22e0001a816bff640bb7a
C1,c1/c1/c_1_145.csv,9849622,2d6ef012cc3493da1d9723492e9a3c76f6a5335325ed7b4ce33f01e7b8e86f8d
C1,c1/c1/c_1_146.csv,9843992,cba9d71eb3d130ea79b7048b10105e64468dcec70247f93f474b618bee4c797c
C1,c1/c1/c_1_147.csv,9852359,25a768b1b2f88cebef970d978a3056b87e961ea16c567b1099d6be3b3cab7d25
C1,c1/c1/c_1_148.csv,9855767,bd6ee723ac7fd1498101bf2b3bcb2c450e62e62a7e7b38d80db0a81d8e61b86f
C1,c1/c1/c_1_149.csv,9853656,6c1e4530f555ec855a29484bdbd6bc37de2d714f4d56dd87b25540f30324a080
C1,c1/c1/c_1_150.csv,9859627,b5dd4ff554b6dd42eebd797efd9378c876f723097a0f835646ed8cc88e537b48
C1,c1/c1/c_1_151.csv,9856996,abe4576f8e89fc9592e0674d1c375204b3496d520f37e5fde2d239dc18e490fb
C1,c1/c1/c_1_152.csv,9861653,5432c3b95774f9017e1ae3f98d16fa31c1f322578a8abe4c9342c42f99a99e9f
C1,c1/c1/c_1_153.csv,9863778,543ce24229bbbe9ff58600b8fe9f4374a15f7c04e184baebc96ae041d1c9a6e5
C1,c1/c1/c_1_154.csv,9877070,1bcb56a6d637197f98231e4e5c664caa5e36384b850031c38ca2a096f49e5257
C1,c1/c1/c_1_155.csv,9871641,7c026916eb0a2e863604bb8181a20230bd7dd07d3b4edb20ea2e02b12b487f48
C1,c1/c1/c_1_156.csv,9637738,185f4c4e507e9880eed62dd22bdf1bd72fb488c18dba58f4cf69cf6cb57c198e
C1,c1/c1/c_1_157.csv,9876241,10e48e0541ea6dc30e8040ed73d288763369f8e022d4ca725b65e0b222e49f5e
C1,c1/c1/c_1_158.csv,9885131,2b512667a3c6264a1480a60174192f01b790003ff7f9095a8d34d474713c04e8
C1,c1/c1/c_1_159.csv,9880392,ecb522f40e0c63939972656fa70828fa177deec6d7e32f7bdcf5f92fc68690a5
C1,c1/c1/c_1_160.csv,9880439,2f7872de3569a7fea7a428f203d67ec6fe3f0018e2704fa5913619b979c314f4
C1,c1/c1/c_1_161.csv,9992954,da2845a156aab435eaf5b271131de93900965b09810882cf97973abfc274f2f4
C1,c1/c1/c_1_162.csv,9908393,3f997622b66dfdda2c9b42e1c0a329a7e383f24107b040a171f5e47fbc745c10
C1,c1/c1/c_1_163.csv,9903890,535ba43cab9e1ca07298fb18384cb8ade21173d6c6b3d7e8f2beed16948a0a35
C1,c1/c1/c_1_164.csv,9898340,d43c3e8922fa1bf3607227b34e5665c24b9a43c4d1f89e827ca75b4e20917cf6
C1,c1/c1/c_1_165.csv,9909917,31db77d606e7751acee231ab5ed414be30e55697b35a51048f76f784d613e50f
C1,c1/c1/c_1_166.csv,9904023,3268f0e6775b0d762d55b094a387aa489eeaf97feab820a18b132e0fabe3dfb6
C1,c1/c1/c_1_167.csv,9904902,dde3b42156788a15b6a991d756eecb691bbbbed7230763928cef0a3770b1223e
C1,c1/c1/c_1_168.csv,9912125,a9c28809763ece8624a0625cb4a67cdb2091da05fa49549a38a260e3dc24ff0d
C1,c1/c1/c_1_169.csv,9918841,3245ba10f4b421302d2cfb948f62e6eb0f636a19bb503aff4260e5efb96b978f
C1,c1/c1/c_1_170.csv,9914720,9c17b361365cbf404a1c90c735189c2994375b244f8240af3f835e12a76bee30
C1,c1/c1/c_1_171.csv,9923872,86d27f2f02ff7ec893f4a63559a9f1863122245a430ea5975652cd9cf4411c5c
C1,c1/c1/c_1_172.csv,9924416,517369dc9958b59f0a153822048e18df95c40921d46bb36accf685417b6dfe98
C1,c1/c1/c_1_173.csv,9922901,04d9b79c289f096368375e8d37f6e69cf8c938e0a36e5e660e0e8ca2da82ee0f
C1,c1/c1/c_1_174.csv,9931529,0110a962c0863c1a959728f936295a80863e124d7893d9b8bad01b6e45b4f98c
C1,c1/c1/c_1_175.csv,9931646,52172b0b2a8f8c66c1f73435d8d028b7b9e9ceafeced329c815094b9162d5eb3
C1,c1/c1/c_1_176.csv,9934538,e75328bfe359dd2ee159c44da7c80d8eba693280decc6bba00ba10fddecfeb7f
C1,c1/c1/c_1_177.csv,9945886,b697ec3d65549ac892bc529d70bdca822114690e406a3729f63304795f3aa336
C1,c1/c1/c_1_178.csv,9942272,da283cbd1a27ae01b6049364373c31942da624d76e237665a5794f732d52318c
C1,c1/c1/c_1_179.csv,9944068,c861d3fe5ca5c954e792be8fcf79e5bf0a23715cab9b262f69b1834e4aa5c71e
C1,c1/c1/c_1_180.csv,9949778,28e495356782aca55095a47dbf812cf9a74aef55f0c6de724cd30851d7df8cb9
C1,c1/c1/c_1_181.csv,9943771,2da3bb6d036d05abde25fa1618bcb9de5d012cfd801351d091c76e63b6de2950
C1,c1/c1/c_1_182.csv,9954650,e930242cfc62f6aab30646a739fee2be0db7784822913f751fdb1f5a0231eeec
C1,c1/c1/c_1_183.csv,9955481,fbb37e322eb40c82073379f2e130317e7cad6dfee2cbebfca7d8fe8ead0415c2
C1,c1/c1/c_1_184.csv,9955428,40cdce81bf7bf68947d3a955437899b39908aa6f4a3bbaae573e0b88873245a6
C1,c1/c1/c_1_185.csv,9966168,f7445194ebf2fbf070882139056333caaa82412d0ef7a5ea2e605bf490309982
C1,c1/c1/c_1_186.csv,9962101,aa9546379d1fc204d8206102555b2432b2987ffd81d1e564dc13933247ad1702
C1,c1/c1/c_1_187.csv,9962231,2f184e805a7509e5f7bab91096490e1b19ebe6899139c23988da18debd0a97da
C1,c1/c1/c_1_188.csv,9969149,0595566ee707de22626de798b44915391f97590a6924ba2f4feab137ef4ccea2
C1,c1/c1/c_1_189.csv,9969979,6fb80a636ac058684169d15d6a6b766b36be089f9958cd0a0bfdecea181b97d7
C1,c1/c1/c_1_190.csv,9972285,f0a1024d7444f6d28410fc5948941145a49277a06f009c782ade479384d70432
C1,c1/c1/c_1_191.csv,9987108,59209d55d38d3d43fbed899cc0d3118afcc9d90e92ac79a16e938a8a67151d6f
C1,c1/c1/c_1_192.csv,9982589,dd1177e834552b4a09474680ab260f147e15c20df5c128fc14a8c1dc26e2d48a
C1,c1/c1/c_1_193.csv,10304134,b7e400f6bf103bfb928dea4ee828e30e8cc052f7157b4e443ec91ce3992cc43f
C1,c1/c1/c_1_194.csv,10009515,0b80fe99f664313ea5724ff96d6773c5b71e24b5c3c79f93258d87d485742f3b
C1,c1/c1/c_1_195.csv,10011028,b2e05a040799cba28f1be0791c31e3baa1083f0abe4c25c1553f0171aabb4f2d
C1,c1/c1/c_1_196.csv,10010213,76e7f1af0c616b607947ddd006ba0499d2558ff6e3d537fe83d58c832cff058a
C1,c1/c1/c_1_197.csv,10010517,c9f93560c7aa86a93ecbc497b8a8e3a841104a06a08e2b3011f3d85074046258
C1,c1/c1/c_1_198.csv,10012600,91dc28fc6c5bdd754adfa02c3fdbe137e61249aa739730ede1fa8375f6394463
C1,c1/c1/c_1_199.csv,10013655,707b3b2dfed4d1ee23688ca70c9d3047ece7e87d85269a91b0f0a870e30be99f
C1,c1/c1/c_1_200.csv,10017445,3e83061518112303553da225ab16aca24d39ddc8de61aeea6ed779bfa801c073
C1,c1/c1/c_1_201.csv,10016205,d4ea7f552a49f62072a2176dba78e9ea556b3180db2f19fa2640c6ab60c8eddb
C1,c1/c1/c_1_202.csv,10018642,d9409a05b839f9a9d30b38f33fa716ae1e7974f8377865484b2f74e9d5c8f048
C1,c1/c1/c_1_203.csv,10020417,0b1fd4175986e47292a29b086d7e5252ba1f8ceeb0044cbc7bf64e0e66be32a1
C1,c1/c1/c_1_204.csv,10018998,6cb5f7134a334a18d4679c9b8efb42aa53da070ed4755453976f4768340c9163
C1,c1/c1/c_1_205.csv,10024993,eff345a83110d56699b8840893eaf8a1bce1a9864f460e48272a881365538695
C1,c1/c1/c_1_206.csv,10027637,524c80ab22bf2d34c95cab271f5386444b0ba56c0d5c944d4947c8af351a77c9
C1,c1/c1/c_1_207.csv,10023778,75a25ee5df97391bfec095863403f24e681ead509400742d076150822ae2db9e
C1,c1/c1/c_1_208.csv,10029546,b52643f9b59f2eda337be8a2d97e21b85b689df21a2870c5c26d82f527594226
C1,c1/c1/c_1_209.csv,10018028,ffa84955e555a2286ba1707970b18b5ad76e85cca433571f7727dfdc4b9769df
C1,c1/c1/c_1_210.csv,10021193,d5b62626345a6bf2b81dcf4c8e075e679b31bafa9dae2e9d75543fd764566581
C1,c1/c1/c_1_211.csv,10023925,957d2fcd382abd7d160e824f95ce95bc20bc5bafbe7d360d29bb301205cd329d
C1,c1/c1/c_1_212.csv,10032729,7003e8e3c9df61b9058a8d664e701e3e1d188e2cb5ff11c8f616f8528836c172
C1,c1/c1/c_1_213.csv,10034726,1415e32a1374cb193ebc130ee3738f7a7fd2b00f94cf5cd4d7c7b7ad746eb50f
C1,c1/c1/c_1_214.csv,10033991,2c0e8d356763f4cf4949de016a4bbbd26e1770f70a592ffae4af54de9e97d6ff
C1,c1/c1/c_1_215.csv,10034623,15b5d29fa3ec182e5039a43fb1bf6a659cc03117aab3093f66dda3e41fd81d17
C1,c1/c1/c_1_216.csv,10041690,dcd0b2cde32777620fdef0fb68b6438ebd5f59eb6b8691c508ed817f3761b45f
C1,c1/c1/c_1_217.csv,10039312,0170b59dedeb07b558af002895626b76429832124edd375028cba922836ce879
C1,c1/c1/c_1_218.csv,9788385,42048f478f38bec79f9545d78748dce4e72d8956a686c8559573f37bd6805f76
C1,c1/c1/c_1_219.csv,10045892,1c44b78f96fb8f841a5a62fabfd0f0da037acfc3b4d906fd25498f9c55f8fe19
C1,c1/c1/c_1_220.csv,10046620,5b786e699498bb917e557b081ce4cdd0d1934dde2814345041faaa50a8b39af5
C1,c1/c1/c_1_221.csv,10047763,38017d2a6fff373cdfc430a4227ec48aa92cf3511daeb4ce4f17e1b6ea7dcbd9
C1,c1/c1/c_1_222.csv,10061213,c1fbd2e49fa13afded47e5544eb0693385fe95f5833258833acd3d81ab02d97b
C1,c1/c1/c_1_223.csv,10054339,1ea5d7e3e7327f044e89dccb3befd5ea8b60f1f7d9f86cf0031693d12f2bfc20
C1,c1/c1/c_1_224.csv,10053300,cb41f4b51c02349b43d291cd39d41510e24a0fb5a8558da8dfb379b482639744
C1,c1/c1/c_1_225.csv,10056545,74bfdd21f455d66f7c2462130601fa6ca41cd0d6b358d400016ddf7acc10e5b7
C1,c1/c1/c_1_226.csv,10042353,3efeffac4c1ea81ef3b3b0f4e36a2bafcfa623f61f010fb8cb99ad3783d1be33
C1,c1/c1/c_1_227.csv,10041005,b243281cad7a1c632763e0fc67d08ad8eb7ffb525f51ba0a03327dc8343662f3
C1,c1/c1/c_1_228.csv,10043975,b5c5aff814c3004afd47da61cb04fbc16c3ef32aa6e320e14629eab2e9b348dc
C1,c1/c1/c_1_229.csv,10041013,fb701e06bd4685c97ea5847ba0cdfc26f6d29075a0118512ee4f0af5920fc0c7
C1,c1/c1/c_1_230.csv,9928106,95f3487ee7a63caa25fd91d8c9d8e13e8859fbc1d055e8498cc014d92fcb3aab
C1,c1/c1/c_1_231.csv,10037862,89197145c5030ee93469dfd2b4d9a86cb6b9b71fa0381de0709dfc8d77d408d3
C1,c1/c1/c_1_232.csv,10039912,59c6c6d14ac2688a6ad9320461a4f87d11fabb3dfb22fcc69e30cb76ec90870a
C1,c1/c1/c_1_233.csv,10038267,20f14ea92d77dc570a03e6bb63ba83a0ef6295aeb2498e53a2c3213a7a71ca65
C1,c1/c1/c_1_234.csv,10043667,c0e5ee90b9ef486f1f40d08b277e47c7465472745948b15d6470250610aecef6
C1,c1/c1/c_1_235.csv,10043119,e16b5cbbd01f3aca957b27fb77bd39bc0d7e66b6a14f9478ea30ea01f373c1f4
C1,c1/c1/c_1_236.csv,10052644,887336d9ee4af2ecfd375d7e4651c8fa290be94abbf01e9805f29c7532104056
C1,c1/c1/c_1_237.csv,10059268,8137cc0d8e62ccda98eda37555f7db103e64c2a55c735c485e6a7d320d41d95d
C1,c1/c1/c_1_238.csv,10057757,bcf80b0161e326d172090359d36154ddbe85886648ef0d2e339f24936dbe3abd
C1,c1/c1/c_1_239.csv,10066107,76e60e82bb9ec222a3c5883d11e709214c23190bfc6bb10ffdec858702572f1f
C1,c1/c1/c_1_240.csv,10067974,f8951bdfe597c52e7c17085e3e253cf01393c723032515b2ec79ac188b6bebf0
C1,c1/c1/c_1_241.csv,10073892,3f584ab8f64c667a33f857c8a39e513dc286eb6e90e538cdc50019449c0390cf
C1,c1/c1/c_1_242.csv,10073728,f1e242fcc148871eac2a322780b1f77f13b6afa2b5a6e8b88a388857e2dc76c1
C1,c1/c1/c_1_243.csv,10071096,d24e32152dc2bd91590a3c99c047cc611fedf82ac598f3fbe28f3b88b7c2ec59
C1,c1/c1/c_1_244.csv,10073870,56a0210e153ed46ea1daf99d35c008395f358185627e8dfcc8e7264ece1f2889
C1,c1/c1/c_1_245.csv,9946349,5020e1c27e344d88039c5e80d835851b3e01c54c7bf8dd04d20e0daf0ea216d0
C1,c1/c1/c_1_246.csv,10071804,cbceb6f724b866aed3892f784a56e4ad2e8767c389e45d490911cc801ad67457
C1,c1/c1/c_1_247.csv,10073358,a1d5ff8db4ebcfe815d1978e4db52aa6f5449808569c5632f61234b9d446216d
C1,c1/c1/c_1_248.csv,10080256,b61bb4b8ef5584ada5f4281b9d707f9451535966fcb5d8627e398a313e32f3fe
C1,c1/c1/c_1_249.csv,10073501,26529281639d11e672fd1172259409a21e3ebb675797dd52bb29750529c2d46e
C1,c1/c1/c_1_250.csv,10074718,def443b792516ec2a9fd8919d152797bb6640425b00c6493240be9519371956f
C1,c1/c1/c_1_251.csv,10078176,73b07b89010a4f6813b5a5af4e6580a15362de7c642dc0723d2107ac56d2e2d8
C1,c1/c1/c_1_252.csv,10073913,d50cbd24d5ee9330130f68d1aea7d362c4a8eccc54bb596fe32ec83f8899f9da
C1,c1/c1/c_1_253.csv,10074391,47b84089c3e69d8fbff716c43057f8869ef7c3da58f453143c77406d4891cd1b
C1,c1/c1/c_1_254.csv,10071882,bf3887d8aa3629a699565b3503ea2a9f90e1a646128bcd986b48635664af5585
C1,c1/c1/c_1_255.csv,10123350,9997f621762034b2339a4a8ddc9d85535d90197105305ceaf2bdc4b26f732487
C1,c1/c1/c_1_256.csv,9909263,bcc435b79d407e96f688602bf602012e5f55d737c3734474301dc1c6e406fe92
C1,c1/c1/c_1_257.csv,10222747,088bd46726e36b77d5038926c36b5232c25c720649efcfb6bab8a295cd2abe2f
C1,c1/c1/c_1_258.csv,10104111,fd7dd329211b4eda9e40bc1a46dac21fd0d82641d2228657bdc41f43afdc85ee
C1,c1/c1/c_1_259.csv,10108549,9b94bf02ddc7985b19ac72ca1d100a111f04a2d0d38c8a5c5a3c7c39c3c48558
C1,c1/c1/c_1_260.csv,10107935,eb1aa0059afe5c07bd856f9cac3cdbedc83e57e8687e781af503e5e7cad4563b
C1,c1/c1/c_1_261.csv,10107541,3fe2df092e26b5accb7c21e26d5028085b5c970ab9b64f58fc5c731954aa339b
C1,c1/c1/c_1_262.csv,10102665,bbdf73545cd5d710f724627e1779521a3247dfdd87f17a72b36a12eb207ffa57
C1,c1/c1/c_1_263.csv,10114692,2020d610c259a1cbdfdd67dc0d37bbdcb7bd78d03845da11080bbc023471a1e5
C1,c1/c1/c_1_264.csv,10114211,4f3a8cc733c8576da9d7bffdf1ea8d62c7f3ff73e14353f254a834d040a51fba
C1,c1/c1/c_1_265.csv,10115300,60c3992ca637273f349b323568f3c97f644667a959913e10e85d3af7d456a389
C1,c1/c1/c_1_266.csv,9712111,f00799da65da0c3f616fa1dce3b57db0e354cb3f514f2242b3da76f25ceba362
C1,c1/c1/c_1_267.csv,10126720,e6d8f4221a0ac1521bb60665ceb7aee8c992b5f8e60d2464bac7f97e1a7a11de
C1,c1/c1/c_1_268.csv,10137966,916ed7e27dc23dd701d967c802bb041dbe3e57b887bbe8782bf6f3d78d3ef584
C1,c1/c1/c_1_269.csv,10126256,c063b95cac92f7e0864ea317efc0177309056361f5f75ef0777e2913691479d4
C1,c1/c1/c_1_270.csv,10131035,a2e9db28a4e51ed0119ae48745a43a88edc0cf167d1cb50793ef1e19348a589e
C1,c1/c1/c_1_271.csv,10126409,324c1dcc885847cd8230f1f01a84fd09e9d7c76a4bcee693e048c02df3dc082a
C1,c1/c1/c_1_272.csv,10126397,ff4a0a83d85b455ebf1f3c71d58a59f340284c5a89583b88bf64fcfe374096a7
C1,c1/c1/c_1_273.csv,10131241,16897e946011ab42e527cf29e873237194cad71c042166a7eae7d41035cd1f4b
C1,c1/c1/c_1_274.csv,10134808,86fe5f41588efc82e18f8d9693d8b0e5c7efb7df562f2415dad2c05db25f17b8
C1,c1/c1/c_1_275.csv,10129232,699134c4bf8792ca99258f5801385af36ea0e1969ae2518c2c1855356c54770c
C1,c1/c1/c_1_276.csv,10130389,55429823a9f4a328e085a93d85759c25fa8c4b07d7c0f5d5b64c6827ac463e9a
C1,c1/c1/c_1_277.csv,10131652,53e9b935bf78e1a99f12249e91f0d8f000f3c48025ed900e212f499cea8f4cf1
C1,c1/c1/c_1_278.csv,10131042,13e643632ef0d52d9930831498cd1ea2a6e68dfc7198b3c710b8bad61b7abbf8
C1,c1/c1/c_1_279.csv,10129096,e2f1bfa0c3d2705940a60310f0ae75b0f74058434c9188f4cfd351e2b28ed5b9
C1,c1/c1/c_1_280.csv,10131669,49668e4d91b8aa05f270ea42238da0b32ac8431696ad44530d384746918a16f3
C1,c1/c1/c_1_281.csv,9844186,30df30a2e8b628978dad58022e35a60d561573f3696cf5e6d9e9c207a61b72e4
C1,c1/c1/c_1_282.csv,10134889,0aab4bfd4f6d81c4a180f36a908a544355295cc6567e1695c7428b3235f42107
C1,c1/c1/c_1_283.csv,10137831,12ff366e9a9d8f9a6bf50eee468ddcf109b7439a7d7f496ee652828fd5cec3d7
C1,c1/c1/c_1_284.csv,10143256,6946f4746864ab8e731fbd78355cbec17aea3c5280b7cbeee5d98cbb5ceb9165
C1,c1/c1/c_1_285.csv,10135735,27a3a9c8cc4fb8ddcc0d499d4cfad74f1555a66eb32fe5d11032381e200ac8ad
C1,c1/c1/c_1_286.csv,10134771,c67b3a155989d902192739254d36e59a1245f9aa961eee2d2098bf524c73fd35
C1,c1/c1/c_1_287.csv,10139584,b87a0285c9f3291946b4dbf82f3be8e7b49d742aaaf7c69dadf7a00d78c2c1e8
C1,c1/c1/c_1_288.csv,10136775,be8c4819f12535ce530f7ec47cc6ad4e9f7ee9c356de7faf10e746752ef28670
C1,c1/c1/c_1_289.csv,10168255,feda490fff7e80aa8012581a6d1733ad26f4a70ef1084d4bfc6a08bffe5a64e2
C1,c1/c1/c_1_290.csv,10361494,93d09d49f5474cdd5048c56a20afc0120a3ee103140fabffee3834dc599962ff
C1,c1/c1/c_1_291.csv,10351575,92b7f5aabdf46405c1341b9ebd971b7be4f5b21b046d911a0edc8bb0b3e5f905
C1,c1/c1/c_1_292.csv,10150543,8c4a44645377b63eacacfef7ced8dd274ee44fe9eb979a4b0860f0ce83fbf197
C1,c1/c1/c_1_293.csv,10154709,b157d98b71080cc15f965262cba04da68063e16daed9ab743fb7f12c0fd6916d
C1,c1/c1/c_1_294.csv,10164696,b791e6fede1f4f9777a328176f67a6d07353bfdb6d6e4a6e5a9090d3b5940112
C1,c1/c1/c_1_295.csv,10172348,37ea7a13becb8d6674fad6fc18cd9ecf2d6e513f6de90521d528531ff049f67d
C1,c1/c1/c_1_296.csv,10157256,3943c79ff719c2396ee0f2db98b3184e7e1391321454972dee3d1b57fa949328
C1,c1/c1/c_1_297.csv,10154091,58e6b9dc378e6b0eea86697784b188fb8e2919ee2568931db7e3b0bb4827bbb1
C1,c1/c1/c_1_298.csv,10157480,37747a198bf0c07feebdd1263ec971727ec3bb3650783a497933f209e22fe4aa
C1,c1/c1/c_1_299.csv,10150419,fa466b0c728b3e3ad1d44d331cb49c34731472a71709527908ceb624b72a0dd9
C1,c1/c1/c_1_300.csv,10167292,24c1c9139df34e35dd91cb38cae0ab56c70c49214f0cb6b9e4ed4eb764347c2e
C1,c1/c1/c_1_301.csv,9709243,2526e8c786669d01ff16f9ecb77c3b3560d7d556ddb1e1ab28e435fb1d514044
C1,c1/c1/c_1_302.csv,10150800,810b0aa5ce8ab899dad02eef43481fc3848519c6b27427cca75b332e466e14ea
C1,c1/c1/c_1_303.csv,10155052,4e273b0c3942ee5b82dfe146e008cde3f987dd080e239164299140f231070b57
C1,c1/c1/c_1_304.csv,10556513,d1b2e97e51604126cf7f6bce70e151bde6a3b0bceb821abaab52e43031553a8b
C1,c1/c1/c_1_305.csv,11710169,7cb0bbb96b8dc220af07eff71a73fcb3cb49bdb452eeb4fcc474a7e3ade7eda9
C1,c1/c1/c_1_306.csv,10199105,06f82bf982567e6d9370acadf0d8737a1b533eec64f0c37018cc501ab875c9fc
C1,c1/c1/c_1_307.csv,10314762,8a57ed3c87b7a3025a8b7988ec1fe09d3181820dfac5a871804400445986a27b
C1,c1/c1/c_1_308.csv,10638246,194210ecdcc80e92d383bb9538bdb80bd83a42836feaea3628431bae82f550d8
C1,c1/c1/c_1_309.csv,11699920,afd6e50da93bee2a11415cefcc26c3c2cbd0228f8f881b10e129feaf6437db31
C1,c1/c1/c_1_310.csv,10161318,263cd71b3bd7600bf2232182115641a459752a76a17fa42aa92ca6e3859e3f06
C1,c1/c1/c_1_311.csv,10136092,1d8e8c27cef86b7c0acc05cc7b24dfd4c626999a92f7cf82fef25b02cb7d1836
C1,c1/c1/c_1_312.csv,9841698,05d8b8dedc2265972e8b572a9c24887d54197fafe4ceffcdfa2d3bae774568a9
C1,c1/c1/c_1_313.csv,10118056,d6e494d793bf49107ed4c3978461393353efedfc6ec282502446cc67e119e9ca
C1,c1/c1/c_1_314.csv,10105424,8b2a7e74d6e7929e10cac120679f624b0df7588e5e940ffda4b55a2a77d0842b
C1,c1/c1/c_1_315.csv,11584594,30eebd06513efdb0a8c7ab17fbab984c6b9075976ee49a32a1cb4324a77ef083
C1,c1/c1_wear.csv,12749,e0d89eb79525dca7a18c7d945412801c9883c0c2570ad3833a8c30b45e74863c
C2,c2/c2/c_2_001.csv,8244471,28ae0cdc1e77520775b3bf17f6b456d803cb7d23dd0c912043da44401039330d
C2,c2/c2/c_2_002.csv,9564310,b3c070731978b1b8ff9b24c2838e1a5cda6437708d398108e9026e7b73a961ed
C2,c2/c2/c_2_003.csv,9573536,527d507845276efb0860e796e744595088dffdf834fb778c4522902b439df710
C2,c2/c2/c_2_004.csv,9567905,28a9919cb7e92eceff7d02d95c3031bbaf63a2a23e306e1dc7efbf935760a004
C2,c2/c2/c_2_005.csv,9751008,6d206048b614c1290e01594ef9a7b07970101f46ef824e624616ddba3b852a71
C2,c2/c2/c_2_006.csv,9757781,0c606feaac9f6252e519be03aefe7ed3e8aae0e634a5d5050ce6d703c32d72a9
C2,c2/c2/c_2_007.csv,9750291,09b1d9761f22253fbd09d4726a1071e069b6d9bea1ffa0214795928795e9714c
C2,c2/c2/c_2_008.csv,9732638,da970bc0b846be83c8896a6607fa7acadbca086e1a97bbe4b32f42979b4fe410
C2,c2/c2/c_2_009.csv,9461864,5b595b661340838083a11cd4f9261d863ea159a5ef33fa07cbd2069d5a8bd865
C2,c2/c2/c_2_010.csv,9577168,336561171a9a191fb83c1139dd07c3ab36afd163bd28d7cc292e0d4c6ac2ff48
C2,c2/c2/c_2_011.csv,9570446,f2b51e449335416ef8f57d39cb19407f2fd434417074432064d195814d759eac
C2,c2/c2/c_2_012.csv,9546850,f62c695b8f49b5e1231afc6913acdee7e6cfeb395b654f41b9dacb45c6f64139
C2,c2/c2/c_2_013.csv,9614277,ea750f4fa226b00d9da31682b6e229223296f660cd1df3f9ffb1370e05b9e7f1
C2,c2/c2/c_2_014.csv,9597350,ac141bc88db1dd01e12c7f8027c9d062e8b6c058bc4b1909ce26ed02fa4f2f2e
C2,c2/c2/c_2_015.csv,9589579,081ab7bbf660ceb8d2c660ab33cc1ddcc902f25f43ddd0a6c224e6ac1b4283ab
C2,c2/c2/c_2_016.csv,9586953,121c39b83d25e3414741e60c7646ade078ccfb31afdc6df080ba8cf209267944
C2,c2/c2/c_2_017.csv,9578445,fdc455c7e7599271574927d787d08ade61001c50ceee071f58e97e116e7893d4
C2,c2/c2/c_2_018.csv,9586469,d4e77ded5ebd5a6ac54456306d48ec9fea75ebd4138accd4d4456118264922e0
C2,c2/c2/c_2_019.csv,9578048,6d2884fae0bd0361355cc4d493f34f280a269c6d42c38005645ba2df6dd6ae2e
C2,c2/c2/c_2_020.csv,9576485,da1489472ed715b71e6ed05d6733b471d4854bd72c80d7ace0696f2926bc9af9
C2,c2/c2/c_2_021.csv,9582663,153354d1ac1947bdf2c919a231f251280ee578ec46b2ffa30b16ae952a03ea58
C2,c2/c2/c_2_022.csv,9766532,a23de8e9fc4cd1f94718a2e511402bfd7359dd258d32dcdfae48fddecec799d2
C2,c2/c2/c_2_023.csv,9614712,178cb84c05a89e7138787a7ec859f4cd04840195e38f26eb2e5ef349a391505a
C2,c2/c2/c_2_024.csv,9587743,b5b577e9d6ce4889952cd4075ca57ad104691ee7054e02d049640962dde8f7bc
C2,c2/c2/c_2_025.csv,9584796,5f744b82923abce4761e1a551a968960622e03d830d92725d1153d126209a97d
C2,c2/c2/c_2_026.csv,9586109,e4bcb66afc4e52c75d91221e54db7bfc33bc9a5af366087cda0f778a5d20c5fe
C2,c2/c2/c_2_027.csv,9584903,7ba4f2d9237bf92fcdc4d95bc97a1e6bf6170d430a1a48ab2e20bf886b629a9b
C2,c2/c2/c_2_028.csv,9583107,70307599968323507786b12f4521dbd139824cefc8c254eefa13d12911e0ae2a
C2,c2/c2/c_2_029.csv,9584531,ad92b7987be3ee36edb61f603ed0283f60645b66aeea741c24894f2225193c1d
C2,c2/c2/c_2_030.csv,9587028,13583f7ba1cd6249e435ef90eb11d1f913b6cadb65d5f8eef82c4bfbdd27a6a8
C2,c2/c2/c_2_031.csv,9589387,965668e873d5172302d7e0877a88e413be45f469a80264d64d9035b77d8603c9
C2,c2/c2/c_2_032.csv,9600419,6d94e70c306b90fc078c0496ea5389db4de9337d849d888c21a540dcaa23f7b8
C2,c2/c2/c_2_033.csv,9589920,c85a52a0f699cb88d22e51bdd91a08147dce160e107c36c43fe6e4c5b7882938
C2,c2/c2/c_2_034.csv,9591426,aef5b658d9a3819808d2ce745f8bb0abde9f90ed3fa24c11572b66fc392ec168
C2,c2/c2/c_2_035.csv,9594241,ccccc0b3dd15c3c04a11c02c13c24b89185aa5d92dcc5753d273a67c2dc9633a
C2,c2/c2/c_2_036.csv,9589416,1bd8e91d3292d32e2d0cccb2c1639350d6a11320ddd95ebf8e0af286213154c5
C2,c2/c2/c_2_037.csv,9593269,baeae0e7d0fb5a89b098ca9a4cf215eb086bb601abcedb3689cc26cd8048fcd5
C2,c2/c2/c_2_038.csv,9594915,bbf60d799d151acb383b2b565ba6de4904441ced7f7a72f4e16f5b9b6f548349
C2,c2/c2/c_2_039.csv,9595991,f0a25e1cf61a611c483e53e7bbbcf1bd69d17414d9017a0cefb0e9c2a44fd852
C2,c2/c2/c_2_040.csv,9599500,cb171158d1e20ed64c37d22a30ea6cc0c6058cb796283071ff0e29e13816db4d
C2,c2/c2/c_2_041.csv,9792148,481d4fdfe51dafa25b6daa2f63e7b8b7a7b57993be4258fbc80a6e9390925d68
C2,c2/c2/c_2_042.csv,9606144,90dab365b469ea59789da7a2d0f33309a31bc2dc2ee65badc426a479ae515a96
C2,c2/c2/c_2_043.csv,9597242,a98cd8501293bcdb0649292a35f4256deef1a6d0b78903c1e2f12d2ec1a25736
C2,c2/c2/c_2_044.csv,9574398,cfc599b608f3847863b3c8e8babefbb44ccd21344f4481ac1be25ee8a672f01d
C2,c2/c2/c_2_045.csv,9689223,802f901480c6edab4c90c22ff5ccd37d3de6de823d397247127466fc4c57009e
C2,c2/c2/c_2_046.csv,9685486,b60380a03d3c83e5fd3396fac712e8041fa5d7d2d59e7eb46152e22a97ad0d69
C2,c2/c2/c_2_047.csv,9673349,79c571df49193510058b5c84282998d316cceb7292762aa08db8514d788527a4
C2,c2/c2/c_2_048.csv,9688842,e7f89f6d178d4f1e9d6614ea16041425db03ca91953901f9aa3428caa6ffd531
C2,c2/c2/c_2_049.csv,9696251,8c250a63253fb3bb12560cfc9132c0d5fe6febbe8168baad4803b34053803486
C2,c2/c2/c_2_050.csv,9703042,a7765c22da2d1625d264118a2ead95e310523276067f3adeaec6a52feed81620
C2,c2/c2/c_2_051.csv,9554078,c5bfeb247fff16b915c5860d260be1ec758ecb6c9a3fe9d544814d8d19ff6d65
C2,c2/c2/c_2_052.csv,9669534,242a8eb622ff64bc28beeca937455d6e67d7d19c5eb6ebc8deea24b9925a26ea
C2,c2/c2/c_2_053.csv,9672728,c85d76dd61ebcd9331dd41dcf2653ae5aee0ccbb4ad80ee000e49035a5bacd8e
C2,c2/c2/c_2_054.csv,9673344,c124c8a727aeb4a60ccbb0bc4265091a4c60370f34898dc547a88eb2ef6cc7d4
C2,c2/c2/c_2_055.csv,9646861,f5cd560328b1d6613041e01ac0a085125cd91ef303666adfbd22985f5c479afd
C2,c2/c2/c_2_056.csv,9649875,2f5acd50249515e4c93e45477bdf54213fb472f05839ca57c99a66d03211cab5
C2,c2/c2/c_2_057.csv,9654990,d8e172274f27af47342da1eafcac7d5b7f5687d48ea74d544c0402290b422dcb
C2,c2/c2/c_2_058.csv,9650044,b4702f9f41cf06ddf0355f7e207f23da72c5903ffad5c6aa1514e4a2ca657955
C2,c2/c2/c_2_059.csv,9649295,d2d905f9912de5a38637a6253a1bc5be58af3433881f6a5b9929668e502024d3
C2,c2/c2/c_2_060.csv,9611081,c758ae1e11a2b4ed00344c664d0e160ca1c3e12803993138027eded3c6c1ef14
C2,c2/c2/c_2_061.csv,9668846,f6b0b1e789ce91e4b0a12689801d301be624364ff2fb80d7a6e0f7b4cd805d91
C2,c2/c2/c_2_062.csv,9658223,ff2f8627698b5c09887c07d102df09887fa5cbec8e00010f512077a76395bbba
C2,c2/c2/c_2_063.csv,9656386,64acf8947642f5453575dc2f1f83a3b914b896bcdbccd66e7783080b8df08645
C2,c2/c2/c_2_064.csv,9645648,447e4eba9542fd7083a65d18cd8c30a803f107689ba36be24951e8f06d93d65a
C2,c2/c2/c_2_065.csv,9647302,d0bcb9df735cd13f37328115a250c34b9914b2364434020f92ff5c86057e3aa3
C2,c2/c2/c_2_066.csv,9650581,b6bd6cfb028ae041a4fd3dfecbbda6473f1655659cd0d04a7ccae408943fdf6c
C2,c2/c2/c_2_067.csv,9645796,20bf4b260b5e08f4001275d4da9566cb0745cd3d60c62c500123c1f3734c1a16
C2,c2/c2/c_2_068.csv,9654215,f7dce5a0f5eb95605e528884c56ed21847825d0a28784f53ed84029a2b113b28
C2,c2/c2/c_2_069.csv,9656172,09b5d0b6a6899b696a73985d681ad245e59946c7c47d6342c82c919986754955
C2,c2/c2/c_2_070.csv,9646862,01c8e238a8414931dc1da5ff521127d3bd606580f14e529cc01fce2664ca1de0
C2,c2/c2/c_2_071.csv,9651532,7641992bb6e7df9c92e5a61774d653ba418df63559a89e3ce5572df2dbe31a44
C2,c2/c2/c_2_072.csv,9726999,d947daa0ad4f0ac05e382c610b54d30b4349facdab75654fa8c41ea54fc1bf3d
C2,c2/c2/c_2_073.csv,9759210,c8086630add2ada281f41481449843869c55ec708f6b7394feb229fcd42d43ec
C2,c2/c2/c_2_074.csv,9756399,8196a30e1eb1c5e9bcca278db9b9f6f6df2485f2653edd690baebe8e3d246776
C2,c2/c2/c_2_075.csv,9752433,76c1973a768f0d7a2790f87258a606599890b39ec9d9673b572aa9d2fab132c4
C2,c2/c2/c_2_076.csv,9750907,374ecef0b0f79761d07295de04a6495ce31922b655f882cda8b16ff33e18c9cf
C2,c2/c2/c_2_077.csv,9782140,67f10743c99e07a36c6eb732f229e1db7cf070d187bfd43ec809a2813a33a2b3
C2,c2/c2/c_2_078.csv,9760932,0db32cc9fbb2883c79f777974328e4f164da2abd20fb70ee5fd9df0830a58b2b
C2,c2/c2/c_2_079.csv,9745102,7f0f8b8218b1cc895906714c63249828fc3c28f22067aad5623bdbc79ce20e97
C2,c2/c2/c_2_080.csv,9746878,a5845fe6282b47834cc5c90a2577a37ec71051dee1be80f416cdc6aa8d48fa3b
C2,c2/c2/c_2_081.csv,9748397,eadbe0245f7474b152d37ea315279ef6145541fa27fc0957fb665523309d3138
C2,c2/c2/c_2_082.csv,9758944,74d7583b9049a4946fe696a78f811e00d35b231b2196988c15d085106506cfc8
C2,c2/c2/c_2_083.csv,9749615,b5f285d68f224e228ab8926d32e0a43b5bf7c2aed663f8cbc8d0fd0c5c8ea080
C2,c2/c2/c_2_084.csv,9758247,6a60697e74d08739bd34ca865fd5fbd9519f4557f2388f270092b96ded2f604e
C2,c2/c2/c_2_085.csv,9747841,732a1838afe97c5eb74605ecd8af543c43a86c1356949dfb5d9808dcdf95ca09
C2,c2/c2/c_2_086.csv,9754455,3b8c080ac5e88b93ff3189ccd0ebe2922fbe155198bc5dd8336875066cfe105b
C2,c2/c2/c_2_087.csv,9677456,000f85d22cf158334a94dce4bd5400404df38855e6e5b5877d36225ac50cc043
C2,c2/c2/c_2_088.csv,9764749,b0598e62cc98b1eaefe8db794cffbad686ba84b2ae863ef71300550e68baef8e
C2,c2/c2/c_2_089.csv,9747285,337e7ab4ed755805566fe2c35a18631092c701741477c6b5b608b26299707e3c
C2,c2/c2/c_2_090.csv,9746494,2c932981f76d99e418bb02e94dd4c17f30f7db4138d0b35aea9fe1905df000cc
C2,c2/c2/c_2_091.csv,9754877,f6fa1aab9568b6df3fee159609d9cd816a7067349a46d20aa6b3d0bc241e2b77
C2,c2/c2/c_2_092.csv,9754302,9a964230f6074cbf281e704c7b6fa59e46e95adbee1b09d4358367d7e9e62240
C2,c2/c2/c_2_093.csv,9818213,88353925fe186e48c352da74505a7b4ecdf43efa0ef91d61cdbbfaa478e077b3
C2,c2/c2/c_2_094.csv,9835658,65a02c17c18f9951a184c32b88d50dc4fdfd1ffeab7430bacfe8cbe0ef389afc
C2,c2/c2/c_2_095.csv,9819211,9276b6faf3802813161bfed93682f53fc4127dad938dcbda2c0e9ae1cd8d654e
C2,c2/c2/c_2_096.csv,9805038,be0c4cff3d98dfc29a015219d20855738d6c133938064c11496338a928511a68
C2,c2/c2/c_2_097.csv,9828943,7256ff0fe1318ed70ed385c9bcb448afe138fc4b1bec5c2a920628dbd07e1c31
C2,c2/c2/c_2_098.csv,9827712,75fb04072f53c76768bf9f8cfb88671ab5de943c64e3a99576de8464dd312f8c
C2,c2/c2/c_2_099.csv,9830330,e6adefda4115924048a38e1f3d700d945aba1f4e68a0bd0ae3a6582c34bdc990
C2,c2/c2/c_2_100.csv,9836474,5342bd63ceea8a35462010ef493aabeb49f5ba187be93c0b1efcc6faac7ee854
C2,c2/c2/c_2_101.csv,9854546,001a39ad82aa48e3400f9e1d3f964dc606b23063dd184977de845f3f3e607c2e
C2,c2/c2/c_2_102.csv,9708032,9532443ad560822ac203b305ad6b437050f60f97cdf6f780f669f83cb7460872
C2,c2/c2/c_2_103.csv,9718883,dbcfca694cf218a917f73fe2002528f4d16b4fde58aebc2210de4a0e23e0bdf5
C2,c2/c2/c_2_104.csv,9724401,cdc8a31fdb211d1629a08e4a6bb79c578ebad23c6f5ef9d2821cc98163cc9c71
C2,c2/c2/c_2_105.csv,9728740,ecb16eb243b4efbc4209f4cebb5a1a90af5481247e5d3d20205f08618a2ed5c1
C2,c2/c2/c_2_106.csv,9740112,15e2cabf9390f6d2613ebbbc2f63cfcf967a1582a2cd7343b37ea10318523510
C2,c2/c2/c_2_107.csv,9744354,f06892ae61454b7927dd88d6ac767dafd8afd83b37b6993a7e7646ed2ac2cc0a
C2,c2/c2/c_2_108.csv,9745747,a62660f324d740a0f1fdf0624cf3d0f21a239e80ea5a752512c50491cc730cae
C2,c2/c2/c_2_109.csv,9761267,c84aecc55a7cd1f3c05c2524ff18447f7d095a805d473249f3a92346982186ce
C2,c2/c2/c_2_110.csv,9762583,b004039b99977785241c011fee55863aa1e10571a9093ae6d23081e4fc7b852b
C2,c2/c2/c_2_111.csv,9764234,674e0b5450045ebed1675ef802e3e110864ea5902cef966c4424012c40812f9a
C2,c2/c2/c_2_112.csv,9772522,24959abcb63abde7ed824aafdb9fe9a990cf4d98ef641766747735e0d4068424
C2,c2/c2/c_2_113.csv,9775149,95679db4a1de755348c3f37e5bb372b0b431d79b27e80c2fcdd28e60aebc386c
C2,c2/c2/c_2_114.csv,9784100,a2d7878e73f9fab7a80242e224df9fd1fb2c775f419305b6e51aa3a041e5e2ec
C2,c2/c2/c_2_115.csv,9782071,35f549df8f8cd4dafc2071a9dcb038c28163da49d5ecaa90c1ab894595150521
C2,c2/c2/c_2_116.csv,9792340,6aab1f5aedfb760c519d77b2bf372e03f7b7417e34fcc9ee2a8df0ea66a98eb6
C2,c2/c2/c_2_117.csv,9789817,f04136df2f4bc81f47e839436ed7e300ed08511358bb3f846690c2270dd8ce94
C2,c2/c2/c_2_118.csv,9793740,8929c0d39d92299e05d1f6a006a4a4963f4b4347e5942a79f558385a3f6c9e7a
C2,c2/c2/c_2_119.csv,9802172,0b4f11ca26317f421bd7b6a84892386f2106956237e8c48c29376259bcd6cf7a
C2,c2/c2/c_2_120.csv,9799682,e590deed4dfc7b3f981b580e8ec393bb68b0f80c8012724fb6a097ffd1af298a
C2,c2/c2/c_2_121.csv,9793714,004fde66cfe4c3010b0d87ff7eb536c2a9c5f8fce2b6536d1d3e73571a662501
C2,c2/c2/c_2_122.csv,9810227,d47f7a446b3fd34eae62db0b0d271b96eaf39b665dd407711511557b675f9a30
C2,c2/c2/c_2_123.csv,9848688,ec2efc1445cede5e35a1c7a034b27c872c88a7a6060a83705011a535884a853d
C2,c2/c2/c_2_124.csv,9864667,509ca1e6437af7fa80183fdbc154144df53ef0f75646c2f3b38e3f9691abf995
C2,c2/c2/c_2_125.csv,9828887,63eb536b1f788bbfad3eeb8240ba5eccc6d792356ae88c200eb5f38e803cb45b
C2,c2/c2/c_2_126.csv,9819010,4796ee4f9b9e962ee00c7ba712a05e8bf258812608ba7d9240fd1b0191cb8991
C2,c2/c2/c_2_127.csv,9853467,4049e8809e2f18dc38e159cbfc2334ae7836d023285be24f73600085cf76ad91
C2,c2/c2/c_2_128.csv,9852879,3e23a3126870813eb3a1b71617c2b31c677750c0a51916cf7800267c9c05ca8b
C2,c2/c2/c_2_129.csv,10163061,3f4ab4a5257982e4f9f16ce30fc59db01956096f98a93920cae45f5ac4d19536
C2,c2/c2/c_2_130.csv,10115549,b8536104924565a3e12f10057a207a8a09e50ab14f6a4d35ac9846ee86f0157c
C2,c2/c2/c_2_131.csv,10096748,6078634c05ac007576c2894cfcd91a9c081149a0b00c4f81f051a6f50af05316
C2,c2/c2/c_2_132.csv,10091444,34a2b16ddfe8acad63163dd6ff910d1dc4b9ed517a87d71b636af8dc4027ed76
C2,c2/c2/c_2_133.csv,10113831,74952ceb5d7096526dd5cf3b023a013e694c2484d70ce18b3721b6e7654ef12b
C2,c2/c2/c_2_134.csv,10121545,8d03dc0a4e52a687121a68211116758458ccd327bfb2235583e061955e51faac
C2,c2/c2/c_2_135.csv,10107639,6df07615bdf55b4710a54a429553acd8fae20cbf9d5a2712123e30118426ac9f
C2,c2/c2/c_2_136.csv,10092726,e5631814b7495fe3ba032ac4ea9e1cfa9876d9d25386f6ecf6aaa0787e1d51ec
C2,c2/c2/c_2_137.csv,10065089,f4abfe040bbe260d5b037c0629aa2fb9a0e29d6bf18527fb7bff0dadea5ece61
C2,c2/c2/c_2_138.csv,10053712,8054ddad1896e8ca75fa716a4bef41a1d6bcbf14fdd7cc8fa4bb4f0b636a62a0
C2,c2/c2/c_2_139.csv,10076657,25a13ba83ff3fa3477291d1038acb9deb33127c30b1a2cad17c9f61042ad3360
C2,c2/c2/c_2_140.csv,10078528,29880ad3da2ad2c915c7fa4d42792fde23b4d6df248adef5cec0e0c7664554fb
C2,c2/c2/c_2_141.csv,10077048,27de72560be80dc8a1d8dbb5c719fdd22525f07823c4cd40ba9e4b2920052fa8
C2,c2/c2/c_2_142.csv,10068347,b513d996de6f8c267bf53869e00c421b06fd3fda4e9cb13515513c495963a6bc
C2,c2/c2/c_2_143.csv,10067755,f97dec931e6fb0e15abbf8be133e4f70b62854e917a30abfc26b5c3c2b3f59bb
C2,c2/c2/c_2_144.csv,10086353,40a9a2a36430902c500012102f2bc5e488cbc8ef45431e99cdee161882b88cfb
C2,c2/c2/c_2_145.csv,10087089,6705a6d6e8668228882b2b21dc008ca97d1a2bd653810e1070251971482f5e0d
C2,c2/c2/c_2_146.csv,10084978,2bdd09dd458950f8f71dfca4a113fd7349957b4269b63fd6432b491730ec4e2e
C2,c2/c2/c_2_147.csv,10091085,e41ff10d00c8e24afd79450f094fff4eedb42d8ab303656aaa9329b4ace44567
C2,c2/c2/c_2_148.csv,10081810,8b825441fe896f66c1535feaffd5dddf54b26dd1f4c55f419272713dcd184b97
C2,c2/c2/c_2_149.csv,10063024,d3fb41800e09cab38f3b69bc6fee9fcb36df56f274ca1f15f9ddff53a6437b45
C2,c2/c2/c_2_150.csv,10050476,c6c77f7b70a7b5295cdfb48ac1a6234788befa35013c615f974472647b5ac7f5
C2,c2/c2/c_2_151.csv,10003303,361981a9e6230d677944f942485bb761270cbebfb6dbc76ffe8e78c1bc192f03
C2,c2/c2/c_2_152.csv,10001609,9f14e6e9f98d5205daf7c5ad8834aaf29b1e887fe4023752a9dc456a56c92c96
C2,c2/c2/c_2_153.csv,9996693,f2d565778c4a59d88ac3aa01d12ca75728724b27455490ca8b713d9b949dee18
C2,c2/c2/c_2_154.csv,10002020,a1be6cd2718351ff7ea95896c632f3af57de94575b2209c2734803fc5c6917c7
C2,c2/c2/c_2_155.csv,9999843,bfbeacb55be71eda103e1eea49f6828d373f556f081f497e956d77f929381e67
C2,c2/c2/c_2_156.csv,10022590,57359913070d0f877e5b7a0d6fe441847430b8b21231c73f7ebaebf67aa8dcc9
C2,c2/c2/c_2_157.csv,10032619,6133cc52a33859a863b75b69e7d681675f57d4369dae8e759889482be1afeef3
C2,c2/c2/c_2_158.csv,9994586,424122b9f0eab5dc4737a61dea1f195d759cd33f43ea51b1c2b5812887ad9236
C2,c2/c2/c_2_159.csv,10040328,0118ba8c3a5c35ace5691b65dd7d3c733e0fc864117300505cc89a243ca62cc5
C2,c2/c2/c_2_160.csv,10055135,d0907472ad8e7fa46241860b889c09ca9f2d808efc39f55a6e1388d3e70e3d13
C2,c2/c2/c_2_161.csv,10190628,198bcc2fd0f3ae16d0910ed517a8afb14288cc0e56a64eaf9cbd0f9a9fcdb368
C2,c2/c2/c_2_162.csv,9918230,a89dd59bb24552c4a6c47d9da2101e568f15516babececa7ae15fa7aacce91c7
C2,c2/c2/c_2_163.csv,9930565,f681db233dbbef9837599c255a8f04dba68cd15207306334c588a56ec7f76a29
C2,c2/c2/c_2_164.csv,9934064,da97e65ef7c1cb43f1e4a8519f23cdd5cfb4cc4217898ac76125145523743478
C2,c2/c2/c_2_165.csv,9932917,68ce44842ebf6be671d239ed4e207302d0da7ca7a02b3de1b32f18899df4df45
C2,c2/c2/c_2_166.csv,9924255,03a7258d65d7a27ca8a36f79f80918b5a242e7bbc77086b29a19b30866193700
C2,c2/c2/c_2_167.csv,9917422,ca4b93acd68769bc74f7a2bd5ff404d93a8e28de9105b45977109449bbfb8348
C2,c2/c2/c_2_168.csv,9910643,d54518089e12b1cec14d17382cc2b82ee99e8bdd41e6ededa2492315699a248a
C2,c2/c2/c_2_169.csv,9895077,ccaf87da6d6ff9e3638d156e3abd93c5c341e533599748eeb921999c55c2ace1
C2,c2/c2/c_2_170.csv,9852377,f99e041739e1582ab59747555be21a4e97c670a0491b20a5bfbf60415247d8ec
C2,c2/c2/c_2_171.csv,9871128,17d3e8f73c278845d1b74e31dc06d1e8f1ad9af694dcbfef67f804cccd615657
C2,c2/c2/c_2_172.csv,9868900,56a8a9a7322df02f3c2359a35096a8c5695246c68a1c0f0cf1d7800df73c266e
C2,c2/c2/c_2_173.csv,9873731,4226b4a7773cf7e9323b48eeb178df4b0d03ff2a4443ce426505ea80c76421f6
C2,c2/c2/c_2_174.csv,9884176,f3e5d3df10e552db21cc32454c183ba00fcc79840b33de7083b8adfae6b418e1
C2,c2/c2/c_2_175.csv,9893833,ace6b20580592ed93ee13fc43c9e3c66514b1edbc0a364f784201ba03d0b899a
C2,c2/c2/c_2_176.csv,9898789,0fc5dce9f52f3fe5a129f19d0c5aa77bc19d03a41e26b9096ca14b7cdb8805c0
C2,c2/c2/c_2_177.csv,9885210,59bf9d0a03908fe5250cf3975974d12a2d870a22ac71eb671202fd6f6b2c6863
C2,c2/c2/c_2_178.csv,9914560,9ee64c0067503d97e60315b892f2c88fee8a69b77d3a756f88fc6b7e081ca6cd
C2,c2/c2/c_2_179.csv,9912558,73703aabc39ad6e174efb95f7459d120c4e4401cec18299ed29b2a9ffbc73d5e
C2,c2/c2/c_2_180.csv,9910548,6994b0592862b4df9db9202a32d1d6347356c48e4d688af96f6a1cd4073ec03b
C2,c2/c2/c_2_181.csv,9931621,1af9b019ea1a0175a1e8f30a13cad919d6fe965ca0f47db81101f001d3b7f34d
C2,c2/c2/c_2_182.csv,9928794,01c6f501507b0e18cb7ab8384e4546989f6d125aafcbfce3d831c32257b3d684
C2,c2/c2/c_2_183.csv,9928519,89aee8c3a6972e3a40aaa39f93a8391d9bd561a5f906c6107aead328cfaa3792
C2,c2/c2/c_2_184.csv,9936526,49c61a684f25a9ddcd9516aea10d3d01b88e19002953eca1e7598f9dd58b3d5e
C2,c2/c2/c_2_185.csv,9944945,a1a2aae5f7eccf6559897cca8b1c6b06c4b52360574e8238793f2a4f7ba0bd51
C2,c2/c2/c_2_186.csv,9947259,5c4c2746662226c163fb24f69111e7018891ba8c86189062b70fd0e773644baa
C2,c2/c2/c_2_187.csv,9922414,5e3df6e0583f5dd2f9c90713c9ecb39c5de5c897afa1e80bbd6123c1f655b0b9
C2,c2/c2/c_2_188.csv,9915354,fc1bc61ed75ff03dad1e6caf8467626e8ad1a438ecb241a8f3356cecae3647d1
C2,c2/c2/c_2_189.csv,9947189,f063af3170790d3acabb784e1d1d17b80ab659a73fb7c5f544ab4f15c5c03fff
C2,c2/c2/c_2_190.csv,9949304,847503d07629e12ea48bdff5c30b120cecc29b1fe58aeffc5c132305527997b6
C2,c2/c2/c_2_191.csv,9914258,0031c3a4f9fa2d8a3b43ec9af84f7d63464194fd2f228ecf33d82c971aa651df
C2,c2/c2/c_2_192.csv,9878365,56ca7b7ea2338ec5cfe912f2b53b8611c14407722e6c8786a4eb1f65ff8054c0
C2,c2/c2/c_2_193.csv,9865190,1276237362b031d200c80f687d212372fd40ad9c77a6c2815ba62f19ca30a1e4
C2,c2/c2/c_2_194.csv,9869588,bd06c044ff0c0e7061aeb72b4497a6ba3aeb0737ff1d137c43dfb252f1805af1
C2,c2/c2/c_2_195.csv,9811515,b59ac14f16f190e8aac5b780d5edac6f57d1af34bdac1c012a3a69443e4d1893
C2,c2/c2/c_2_196.csv,9899209,4a1a9aa6f637a21e5a1cf942cc0225a2631fca1ac40f8827d518b06554f83ee7
C2,c2/c2/c_2_197.csv,9903820,c4a626c0fd3befeb3d445bd5e85f5d059c34353f311dd91be4ef15c75ca8257a
C2,c2/c2/c_2_198.csv,9897593,bcbbeee7c51fcd0a89af0eb7536beebde08d4083872f8f4b2adf9786af72c25d
C2,c2/c2/c_2_199.csv,9898673,ea8ac3d65215fab1626f0a0f8dc7bda9baa3c6935ccf20dcaa298c0b502615da
C2,c2/c2/c_2_200.csv,9897137,4fdd1a19693b4e4e24c180d21ff4cdd39a46d171ae61f624dd105f74f8689b74
C2,c2/c2/c_2_201.csv,9904032,dd095911e9eb5c7244bb3f18fe7251e3f131aac8b5460560ba511ffd1ec24533
C2,c2/c2/c_2_202.csv,9894483,c8d97bdb7fb9178f51b3a6b42eacdbd9b633a0b1f37a68b95ef4e2f06bca1456
C2,c2/c2/c_2_203.csv,9903650,52d730d3d841b8f796f26c8e0bf2bdaa2883d0e8147947de75fef5ccbbdbfbbd
C2,c2/c2/c_2_204.csv,9892753,5f78c29f0bf222a94b15b7b6af9ad76bbd646262fc8792e06c1c4294c89880ac
C2,c2/c2/c_2_205.csv,9892436,edb5947a7c71f862773c053be84a3709d66196ea3699a802b7bb03a0cd44a6f0
C2,c2/c2/c_2_206.csv,9923395,4ff0fefcf51761f3bfce9534bca4bbcfc3395c15c410ad8bb71e0b76182bb090
C2,c2/c2/c_2_207.csv,9914701,be6e8d7a20418d8c485315cef6f5d560811df31e6ce28e699f6fe632a02640c6
C2,c2/c2/c_2_208.csv,9897602,a1e1a2a4e711ccdcf78c4dc2686183308bddf1c43ebcdf5cd653aa72b9bb7bdd
C2,c2/c2/c_2_209.csv,9908245,8d3e2dd5f10e93e8d19a3c7cff84d09eb6e1a95a365e850e4dd288e669bdb3a6
C2,c2/c2/c_2_210.csv,9924080,f766917aac02d12ecbb5e9d655586029415c0bb18b80ddff0261a1a216bfedb9
C2,c2/c2/c_2_211.csv,9881034,6521a3877b43ab5ac6736eb9f4eb10514c67f88d7ba13bc3936a27a6c5339f00
C2,c2/c2/c_2_212.csv,9883972,c6d83bbf5b5e0c51f96c2ac63b06ab7dc96e31b7afeccd1606b9fde224848597
C2,c2/c2/c_2_213.csv,9881310,04c274b6166b7da2a9b24e4533f5b2eba760a11272d07793122677283a9aec1b
C2,c2/c2/c_2_214.csv,9899400,bad182714a4cf0ebccc544f613cf5564fbaa197ac790d44e8c336bf303232c99
C2,c2/c2/c_2_215.csv,9886837,f753f240f777dea6a131d972cbbfb687fc3ecac944a4a2431131ab2b6405278b
C2,c2/c2/c_2_216.csv,9882288,30c61c45de15130fa380879db60d16c62dc3130e374d7c08ac226966b39bab58
C2,c2/c2/c_2_217.csv,9887118,0fc75526fcc0633b55ce4e946a772c8323d0a0669f976730d33cdae44a52c74a
C2,c2/c2/c_2_218.csv,9898949,534e788eee1ac5409e1dd7981655a2fb7429cbe35c4168bf4991a94558ff8bc9
C2,c2/c2/c_2_219.csv,9893248,8adf3f1db4418baf77cd606624bff825a5560f6744c1b3a08e37075cfd95dc74
C2,c2/c2/c_2_220.csv,9905332,27af0cf8bbdc146c7654a2d675964730dfc3a11d9c6ed31b63b266d0f62b8e92
C2,c2/c2/c_2_221.csv,9893615,2dd204336bd523a165735cbb5feb426a27c53dfa3b25ea6f0f480e330ea435f6
C2,c2/c2/c_2_222.csv,9898784,b8ee442f2075f076ddb835f0a25d4bc6d3894614d78c4afd4efb482383f866d3
C2,c2/c2/c_2_223.csv,9907874,fe49b9197385534f98e319cd9cc4018db807b60ab6d8a0c156f683eeb8caba03
C2,c2/c2/c_2_224.csv,9880590,1aa3abca57f14cd5e22212c52f13ed8a9b404346ac23eb423e39046eae77a5a5
C2,c2/c2/c_2_225.csv,9652925,5bb360dc0bfae598b9765b802353116f0bfc569bcd16bc8a2e61a1327fb60d2e
C2,c2/c2/c_2_226.csv,9933241,f714e18c366ec9b184bdc9cf76847b030bb7a22f7f89a04339f151e2a0ca48ac
C2,c2/c2/c_2_227.csv,9955421,4940c2ae658682561c8c9d8cd6dcf8c46b31a67cecc367f5049df88f143dcc10
C2,c2/c2/c_2_228.csv,9987160,9a1d9386b8beee32e93392805513f185e2edbec2f4001bd893d00e730806c660
C2,c2/c2/c_2_229.csv,9990148,1b9dc2647e4e7d2ec859869644fa95e837f4b834f7f520d2961deb28f2df5e59
C2,c2/c2/c_2_230.csv,9985064,7a75c2d882eb1bf5f1ffedaf6982bc694b52024c9ae17f1ef01340171391ff4d
C2,c2/c2/c_2_231.csv,9931082,4bbacca11ce5f7e3a7963efe1eff915f72f34ed641b2976f1b48708e6c57a55c
C2,c2/c2/c_2_232.csv,9940837,65c39ccf1d60be66df5eb6d6443e19323a07ab36f221f4ca1360b349e71eee26
C2,c2/c2/c_2_233.csv,9976841,6b2a9ce81d47e24f84dd36ab45156951f6bbc324c471b4bf42b7e5f36b2acb48
C2,c2/c2/c_2_234.csv,9980709,0b6bc48ab9b02ec11ce3bc6bc665dd5291636a624a49a7a89763086c0b24dde0
C2,c2/c2/c_2_235.csv,9969405,80b175ad85936e243bcb631954f5e516b9de02ba26b4457e27f834a11ab2977b
C2,c2/c2/c_2_236.csv,9981203,6c8e9c1ab37c0d829d31baa5823ec714b5625c28fd72c74f970cf1014393f4e9
C2,c2/c2/c_2_237.csv,9998322,4086060dd34282c0ffdad7628ed88e2f52bdcd88fcd707100434eb473a6f2cae
C2,c2/c2/c_2_238.csv,10012816,92bb9ed77b85a8938b66d8852e54e53bf0ba51450bddacae95e5747295122551
C2,c2/c2/c_2_239.csv,10006053,e9ca8e9403cf3e7c3f8f9ed1b6b07d7e4b5a3d43b16c2dbc0e22b1b923c5ae78
C2,c2/c2/c_2_240.csv,9989428,b3ac773414e46a3f3b68ff4e18451e7cf80b2f046c1d54276a1d347b55af86cd
C2,c2/c2/c_2_241.csv,9992583,0d871c73cda295c85ac887055f8d7a0fbe6bcd506a46368d6c151788eea9c8e7
C2,c2/c2/c_2_242.csv,10005868,c6ca4a0bf665a0354a85d1c65eedea057fccafc96eea989f5f4c4de8049c53b1
C2,c2/c2/c_2_243.csv,10017725,b6442d5162347ffa302df225208fcd1099f91ddbd9894c3073f0176664fb5b1f
C2,c2/c2/c_2_244.csv,10015907,0a22a9ba32e02c64a6d5389f37c9e30b42d7cd1a697f286165af06bccd4d2a91
C2,c2/c2/c_2_245.csv,10003711,ea2a929b53ae03b8ec1c787331721edb496f0f5f2b73e6d563a68b5c015b5efe
C2,c2/c2/c_2_246.csv,10005410,e30344606d27bc0ebf12c6f2999d2962878f4bb56ec2f29dfb1ae1e7c23259f5
C2,c2/c2/c_2_247.csv,10002615,26640cd36750a47fa89479146085b600115521e1ba53482324a8ff5cc0cbda5a
C2,c2/c2/c_2_248.csv,9967163,3e869f81d8b85ac856dfadaefba66235dada4d184ac3d3f8efc361b97a5ef095
C2,c2/c2/c_2_249.csv,9969067,b2567f9060ede8f09404e6c3e8fff9d02b6ce1336006b326a597e9a4cd9aa987
C2,c2/c2/c_2_250.csv,9966383,e8fa9ec442a7bd526688d16dd4d2f2709a95b044d4d059221c6d3c38e1cf76d8
C2,c2/c2/c_2_251.csv,9978261,dc33cc6525ccde18a7b7b64a1531be1bd363356b2f024e6e09cc1ed2e72960a1
C2,c2/c2/c_2_252.csv,9973739,183f00f184d28c201a5510f958c3f3750cb7885c8384dd3e7bacd7b8a34c9e10
C2,c2/c2/c_2_253.csv,9980930,f5ef7214d5a932e9faf993980c305fd78fdca2efefd8ec8b0f20f62ca4861234
C2,c2/c2/c_2_254.csv,9980051,b4fd8820b6601d8d913f30d2bc2b2f1d45ae828406154c1c8e14eac9a9e29b87
C2,c2/c2/c_2_255.csv,9975681,8f9c688deaecea9b6a52133784fceca375c993e6bfdf7464f0ed0b4195f645ce
C2,c2/c2/c_2_256.csv,9974140,d67feeacbda91159424d82046494a7bc6928378fa175fef5f4106930f3ba9e49
C2,c2/c2/c_2_257.csv,9974119,31aa138c163c740047150ddb3da8b529e828b1c4539d64313a3bc1cd780bd112
C2,c2/c2/c_2_258.csv,10100962,5117b5c8f72a662792dfb4898760e06929aa1c7c483be1c5a41a4c8f0d1ddaa3
C2,c2/c2/c_2_259.csv,10017012,57868b8d4d209d8f1e9ed43e9a5bf2be9d1eafd9a68dbba3e660cab5df450d9d
C2,c2/c2/c_2_260.csv,10022101,b9b070698aa70c6cea01a658dc2a713f9c1e6bd960c1bc613d3617ecab648c7b
C2,c2/c2/c_2_261.csv,10021047,7b03dbdaa998aed7961b4aea2e44e330233b77a657ebcfa127522464bec1939b
C2,c2/c2/c_2_262.csv,10005636,32d22b4eb96779098733a286f7f4c1958c80a26d0870dafae1849caf031453b0
C2,c2/c2/c_2_263.csv,10031109,58dc95eaa7904c0bba7a7ed5886a6982081fb54a849fff7c4efdbde8763a2839
C2,c2/c2/c_2_264.csv,10028742,e5a8f150f9fd2df84e2460fff9e01c86afea0d6644d7a86a686a52b35a7815d7
C2,c2/c2/c_2_265.csv,10024472,f6abceec5f141910c6edd4b2619f26961f05d7acc2fa9a69e180cd5ef31e81ca
C2,c2/c2/c_2_266.csv,10019170,3bc2934132e0bbaa6fc9651301b430a1f304f9837f295c0a801a69daf714bc29
C2,c2/c2/c_2_267.csv,10024242,a30f26ba8bb3985e37e350087e73d84388a10440263859699b56b6a83cf3fd3d
C2,c2/c2/c_2_268.csv,9958882,cb50e203173c81b31448c2f941a5b4b96763cca1c78425c39b43d99d2a4b06d4
C2,c2/c2/c_2_269.csv,10030529,a33ac05a2340a96a09b9741fa509759c73c82f72c03894374f2b9b7f316c114b
C2,c2/c2/c_2_270.csv,10033625,b9938ff4517d245f5e05884fcac3ea2535ae4f27451c47a0fc44e9cfee9f179b
C2,c2/c2/c_2_271.csv,10034623,e3dd72b2be39b32edfdc58f19cc37f526821adf5b4fa33e39ff32efc18c2fe36
C2,c2/c2/c_2_272.csv,9662167,2642530d5fee3d6fdfaeb78bfc4699f14a41b31f7f2e5326137b3a05447a4216
C2,c2/c2/c_2_273.csv,10026656,18ada07539513352a4f96e9e03a848a571831f9c192fee7cfb867ecd09ec8948
C2,c2/c2/c_2_274.csv,10025961,e222199732bb438ef240dca93f251e41acd07cb474ab04074f7da9c97046cbf0
C2,c2/c2/c_2_275.csv,10042170,3e4dfb14a447ecdb779c28f0321d7967a4284e33472442b131872bbff0e9dd12
C2,c2/c2/c_2_276.csv,10038663,65aea10ee2dc8f404a4cd4d76c3b11062e789d932807289d43ae87d83cb8fadc
C2,c2/c2/c_2_277.csv,10029489,55e8ded23f3996de7c295528c79cfb63f3f4438fdb25aa80b0eca8172f8f494b
C2,c2/c2/c_2_278.csv,10034637,db30cc8e0bef9ab4c33a29f849769644192a960435aca56940a7d43d670b9d60
C2,c2/c2/c_2_279.csv,10052712,c90168454b0497df5291fe635c7702bc7b871ba75da574d694e36b77ff91341b
C2,c2/c2/c_2_280.csv,10039658,4406cee815c1ac238dde52bf86fa56b5536681c3b9a5d50ed6f53e4f71f7e4ff
C2,c2/c2/c_2_281.csv,10047152,8be92545779ab03aa2134ae9d5e8c27f40c3c491ea5812b4901b7881aa6275e3
C2,c2/c2/c_2_282.csv,10048380,c8f991917650fb478abe90e8f4a8e697ffe251fc14c6afdae85bc546d30ed86b
C2,c2/c2/c_2_283.csv,10043426,3a8ddca5e07857138524a9eab0646e8acd01d73c6c2bab50428c75eb44130a8d
C2,c2/c2/c_2_284.csv,10046968,43449f4746af7c5e1af4a270786663e6e367398c0768cfc5a31c7e4cfeb64ccc
C2,c2/c2/c_2_285.csv,10037012,525eb234ca7e87ed087ba9b27e81165434f0e521179a7cf644181d685480b65a
C2,c2/c2/c_2_286.csv,10052897,55affe6448e796c911d273bfc71d3063b77909ee17318e17a2909acf55a98948
C2,c2/c2/c_2_287.csv,10057887,f30e3aff1ebd9d7ab37712684f9f456422a882b5171af54976a34c91db2b6cbb
C2,c2/c2/c_2_288.csv,10058508,ab36642843a5e775ec2d9e98da975d9023c2804fc1d837f038f3b9d67cde5a66
C2,c2/c2/c_2_289.csv,10058651,83cdb43612d4e1ef6184483a8af6ae61b06a36f9e074a73653ae2a4863021934
C2,c2/c2/c_2_290.csv,10086482,de496f74b31387e9d5a201279478efaa91abe92ccb0bf29647f0e94e3e9315c1
C2,c2/c2/c_2_291.csv,10075296,8f100f927a2b6f1aff86af22e7bd03881a4fd84eadbc72b54a21278453d66ea8
C2,c2/c2/c_2_292.csv,10064179,604e17029acbdaf371b6b976aa4670252c31e4b351549e24235f97ffc3803d0a
C2,c2/c2/c_2_293.csv,10084502,eb95e9d8df5e7951e1ed6421c561c34e5e172bbd49efc71709a86c89368df48a
C2,c2/c2/c_2_294.csv,10094562,15a031042b62321993eb73049317e5860b1e355c4d5a572e3431690f1648ec08
C2,c2/c2/c_2_295.csv,10117996,5937caf5b5938e62dfe1cfd4be8502b12dfaf99421422a9a68443a85ee990695
C2,c2/c2/c_2_296.csv,10143246,72e1365578b40d2874a6d93d6349dcfc9e026454d6ba82e2064494e156d73cca
C2,c2/c2/c_2_297.csv,10155157,3fa893a262931f811c5dbfc0828b66011adabc9caec46e1d22684d9c85f065a0
C2,c2/c2/c_2_298.csv,10159102,1f8747471c0fa50f73f32501d3c7c535efea3debc2c86b342cfe1b5cb0c887ea
C2,c2/c2/c_2_299.csv,10163917,721ec49ef82bb9a33ac7282bec398dc697a61b03f28a1db3bfd5fa0d2d30ef1a
C2,c2/c2/c_2_300.csv,10165934,540f769e2de427a76a4705a9e64137f031329771740d85f232b9790c7184c853
C2,c2/c2/c_2_301.csv,10153442,4fecff5ec6989a30eb3f7064af0032925935ff28cbe32a151603e43abef7d5c8
C2,c2/c2/c_2_302.csv,10153402,578657d88728884bb719c230b2e71253db03b499b89c10f56144dd7de9669fe9
C2,c2/c2/c_2_303.csv,10159842,5514bfda8df07ac3354e8a4b5def0ef0700bdbf06be61e5a4341c14a588430d7
C2,c2/c2/c_2_304.csv,9747698,2ffc6ce47aba415f8e7889a6f0b7ece618cb65b7a1766c716b2cc722268f319e
C2,c2/c2/c_2_305.csv,10122713,1dd345001a4b612d4b6709a903502b26a619095db2f9f5442e5f4d2ff23cd012
C2,c2/c2/c_2_306.csv,10080375,1c882838eacf523df37eb320c0b37faffe268cedb2333099892a0b5c4ec6c4dd
C2,c2/c2/c_2_307.csv,10072981,016c576a9b9d75ec574bc0008d9b3bccd3ff943d4a7683a7bf61176162036d9c
C2,c2/c2/c_2_308.csv,10072094,4fba9d17c9ffd88cb6f429a701fce1583f4890aab8c1dd9e4ccde4c2ffb49a3b
C2,c2/c2/c_2_309.csv,10071510,bcca15da74d663b446f866d44e0b982390c2a9815cefe37fd602091adf091622
C2,c2/c2/c_2_310.csv,10066199,3a9a6b6fdc613122b7dbc7d24de7fd9d352908ae46b67774af50ed51d578ba2e
C2,c2/c2/c_2_311.csv,10066111,a57aa1d2b7b83dd3e6e7ce21cbadaf69e069780abc4874d7decdfc1bea4e77cc
C2,c2/c2/c_2_312.csv,10060797,d9e996d74f7c3ccb82b0f7755c26ebfd2bf7db9c1a59dab2bf1ba0ade87f824b
C2,c2/c2/c_2_313.csv,10059702,55d048fa44c5295a3d9c59164c0c1acfd848bd968e133263ea156783a2954a2c
C2,c2/c2/c_2_314.csv,10055052,600bc4654af2ea3806faece37ac0c7f9189d14390d55e4d1bdbf3b32073e9126
C2,c2/c2/c_2_315.csv,10043407,f99f88a33bf91b049ce3a9bdd2971f29647382ef8e0404081458bbdf49c0241a
C3,c3/c3/c_3_001.csv,8388715,6a8385ea47d7817adee9da0b21651c81ae5413a70e96992bed3f06df777033ac
C3,c3/c3/c_3_002.csv,9560917,19704562e554bfe7a5bc708a3f2d0ebcdf14e47705a5d7c6ce377435fc9e70da
C3,c3/c3/c_3_003.csv,9598826,a44a9ef928a15e62b0f845945760f70b273943bf7a2fcf928422d5ac0072fba7
C3,c3/c3/c_3_004.csv,9597549,d83ad12ebe0e433faa6761248df7e638e09d56752c12401008e64a94837016e1
C3,c3/c3/c_3_005.csv,9634264,3aed49772404b7561cdcb8ee37713a3beff9d85fc40a30e5743ef1848c0525c9
C3,c3/c3/c_3_006.csv,9613395,c6ce0c689f9c90a9851f800c6a23ab29fc803807740945cd2280b85e4cd7f514
C3,c3/c3/c_3_007.csv,9609632,426394d814eaa5f2194655e877febbfde9e1edf0e8fe99f0837b27c902342682
C3,c3/c3/c_3_008.csv,9623421,1886ae802589c6c51f00b6eb8681c9df720c0fefe5d3eab24119cb94675edeba
C3,c3/c3/c_3_009.csv,9776241,ad2877dd71af27cdae7da92f1ccb0cf771cbe4b507ad0d8695a62f54c7a766e3
C3,c3/c3/c_3_010.csv,9605369,6a1362bbe5414385673a42b27259ea9569e326821429e295a1580d69238c7c2f
C3,c3/c3/c_3_011.csv,9615458,24c714894bde00a0c8b17be5109ad238f1ff2042ab35e262a9a4a46380f4e289
C3,c3/c3/c_3_012.csv,9622517,e0902b60c62170c2dc0f8b336a87f0c22f50c79d50ec440a2040d1ec56ce1c19
C3,c3/c3/c_3_013.csv,9589392,c11afc7f3c496881d80ea24f4bd8452c627963a749361d0f4947066887f4eac3
C3,c3/c3/c_3_014.csv,9611781,577c600889922b2479ba25874849702835f5f66cc0b65b899a14068ec2153146
C3,c3/c3/c_3_015.csv,9595798,04172bbb250fb348458bc5e0836c5ee4a817282f5ddc30fadf76c8a839819f5b
C3,c3/c3/c_3_016.csv,9601667,d3e71ee0879eca66b5fbf79193b5fbd278ad21a07a008ff60856d8b7b4e514b0
C3,c3/c3/c_3_017.csv,9598655,12c6c559ac46c660fbaa4465c79db832b4141d226704eada051c8f4d87d618ad
C3,c3/c3/c_3_018.csv,9598662,cc15660cddd3504f303d3cfe3870715f9940db6f2ba589cce86bea604f569c5d
C3,c3/c3/c_3_019.csv,9613460,d9674630348b2979782abc7d92d736b08b9aecdc1b519ac57af26d4edc3a67f5
C3,c3/c3/c_3_020.csv,9614062,bad4918c75d9bf641b5fe8d628956c5eafcd6eb11e788f2f9fe5a04605b58e25
C3,c3/c3/c_3_021.csv,9645139,d9ee495ee97a2692620f69e88c667cf19f87f88de28ba1fccaac1a2d337dd3f3
C3,c3/c3/c_3_022.csv,9620494,20854c7614fe8242bc553a499985013efb3377af6112733f8d9adbc82a5265fe
C3,c3/c3/c_3_023.csv,9642515,ecbf92a5f7914336d1d8cc1bdde13ee36eaeab1b72ea6064d73b336b56a6d5c0
C3,c3/c3/c_3_024.csv,9636747,bd3899d9a976d70a0c9824034328fe2c757566e7b6ee0e6438f9cff77337b40d
C3,c3/c3/c_3_025.csv,9599246,a22df71c2221a01e4d6880588f122e3d129aa34cadb511c9bbf18b1e144572bf
C3,c3/c3/c_3_026.csv,9631125,81f00407ebd53c45468f084aa6f765894ff1ec4f878fc5cf5bd5ca24bb901d55
C3,c3/c3/c_3_027.csv,9630328,937521738614ef1ead7558612e8a174b23e1f9595d3d003b7964c64f0e5a32d4
C3,c3/c3/c_3_028.csv,9628049,975a8ddad794ef6f0781f586faf07403a7bd3e6f593b50d5bc229fa3980bff6b
C3,c3/c3/c_3_029.csv,9621901,696ef967969da1a9d46488fd669ebdaa37b2c056d477e672a686e64c94f60111
C3,c3/c3/c_3_030.csv,9622356,487f795bd9a0fb1cf371c29f035faa074db51e8768d76398f306968d4e33bc6c
C3,c3/c3/c_3_031.csv,9623420,04734bd0f50fc9d04b5eea121da3f31850a1aa0608f7720b7fc7fd7242b42d96
C3,c3/c3/c_3_032.csv,9628289,90e8e2378bb416a0c1c62813e73059fbc3623981e0b02047db58be1d82a11571
C3,c3/c3/c_3_033.csv,9814346,bb44bb09e62fa5291f41546556f96aba074d5d989f535ed9b3188f5afaa8f12d
C3,c3/c3/c_3_034.csv,9655252,10d897ce68e58d287c41c4f70fbc9339c9f5b04aabc96d1c425a936d9f32110e
C3,c3/c3/c_3_035.csv,9655395,199f1cbdd0adf27eaaf09a04d96f41a141284471b65df358d50c5364825ec4c8
C3,c3/c3/c_3_036.csv,9649783,fb6de7fd1c7c120366e63e6b1025e4c4a239bee8407eeb6823d13578bace69ac
C3,c3/c3/c_3_037.csv,9642762,e3791a65b29e307d4aedb8fe671befe55238fdcd16b9a6b2a29e3b12cd389b07
C3,c3/c3/c_3_038.csv,9650075,8dc8065b1ea11dc7709bc2325dc0608e7be7c7141ab2b24e04e6498fe5428bae
C3,c3/c3/c_3_039.csv,9633553,6fe9484b9a8fb9a802e4ba2303f1a1f94431f4be851db71ab3c1b611d6d639f8
C3,c3/c3/c_3_040.csv,9655294,091d44ea8a3b2c547b591242b89667fe00264c5ec00b6bbd405ddde9db63ce20
C3,c3/c3/c_3_041.csv,9639786,2d9f38a9bf7ed75653ba32d2826e4120349a3285e83909d6b204e34edb1b8e43
C3,c3/c3/c_3_042.csv,9662613,37f8bb153966edbed90401cf6dc364e8b6af7d606f8f9a46904361357849e762
C3,c3/c3/c_3_043.csv,9655038,ff9e155a970437aaef053fe1866bff37fe4d2ed2bdd693826d0e2aa395b9e2f6
C3,c3/c3/c_3_044.csv,9635289,1a310474a6a4985f25608195d88fea2bba98dfca218f9d29b8d6214496b08d8f
C3,c3/c3/c_3_045.csv,9641152,f4907e25a56b02f1d8cc9191b858ae63cf923594b465f38765200194edd41177
C3,c3/c3/c_3_046.csv,9641002,f54828776ebd3c56a7a2751b70e568394587a2b7a5ffd09444bc2cd4a2b41f92
C3,c3/c3/c_3_047.csv,9638514,88387c7fe6ea8cc82420c2d2bae6e384a9ec0c8c4e16a20baf471eabb2c9fc64
C3,c3/c3/c_3_048.csv,9634766,92d53e29312ea0579876f6857a13bb328dc9c8bedf12c91e148e4b6b21caccfa
C3,c3/c3/c_3_049.csv,9647034,519cfc5cc3b2dbedff4caa3e653d3dfb56c12d553b9ce82bdcf2059d7d282c06
C3,c3/c3/c_3_050.csv,9643385,96cfd5dc65778ae70c2b3d64385c0adeca3d290af6f5a989c6f4f24b7640f52e
C3,c3/c3/c_3_051.csv,9652665,c3ef457bc42588bfcc39e4a507df48c663424ff37e1b1f645e8a72f972d3db31
C3,c3/c3/c_3_052.csv,9641093,66b23f2b1ca0c52e926c8b45d400184f6639720c8ee114c8c8e5d3b5c73c2b29
C3,c3/c3/c_3_053.csv,9642728,7d7ab574be5bd665b72a5f486c75c3571b7c96b4cbd10f5ce267aa058d762afe
C3,c3/c3/c_3_054.csv,9655938,be8b8ab4b3b3d4db82e3f098ff9f224d479cd0031c0291e4e0e4c6a232bf46da
C3,c3/c3/c_3_055.csv,9645013,9fbbe434556117dcde8a455453ef1291db83a2e60cf922688b26904ea8f4a333
C3,c3/c3/c_3_056.csv,9640731,7da61f7dce26eabe2500a2db4c92e7791d0bbb3090ae6d2377ad71ea1c3e0e50
C3,c3/c3/c_3_057.csv,9644542,5b76800049b2e5297dec149bdaf619ace63be0c020169cba6b7886d7c7165207
C3,c3/c3/c_3_058.csv,9650174,5f7ba897de5cc0ed7ca8043ab00938f7d52a8bf4d572514e9cc46b8d5fbdcec2
C3,c3/c3/c_3_059.csv,9658596,a5c26517e40b310be0caa0ed67d0cac2c2eb86107517bd1a1d69fd4ddd414b7d
C3,c3/c3/c_3_060.csv,9647571,054d554c231e0997f91d79f9e60f2afdfb569319454e994ae7dbab502b9edebe
C3,c3/c3/c_3_061.csv,9647846,6774552512e4fd3a90c04398d927012e2281ed3cad79d58effbf3eb53ffcb8ab
C3,c3/c3/c_3_062.csv,9658946,0e0a18da00bfff8007f39270b12fda601c91b9d6a07a2865de60360e7ba2d65d
C3,c3/c3/c_3_063.csv,9642121,5859d079fdcc4243b15c8b058eacff57f5ad9f45b5311e4fe107da26a96947b6
C3,c3/c3/c_3_064.csv,9648846,471f97f3e5066f5369c222e1f5e009f7a94025a162a47efad7d6262a8e0ff6f4
C3,c3/c3/c_3_065.csv,9639771,8d39ee145eef58360675c51646efd84db191b74b794b23385ee4577734c251a2
C3,c3/c3/c_3_066.csv,9675233,59dbca82b542a8bc554ce602b934360ed0711ebeca7a5109e3bd8fa9c9a0123d
C3,c3/c3/c_3_067.csv,9685380,acc918c69d2f8b37be1645d233f412e5212c0efb5eb096c94bb3d776173f34d1
C3,c3/c3/c_3_068.csv,9680651,bf628ba814cfd3e83df543336f32414f556dbb76285eb5e2d5a8127f255188fe
C3,c3/c3/c_3_069.csv,9677728,78002f0717fd07671750174edaf234abc206524a5e3ea2203f6b4b08c8af300d
C3,c3/c3/c_3_070.csv,9675342,fb248b97bd1471e9b8a258b9dd2b335ffd3ec30b7855ab526eaebc9178f2525c
C3,c3/c3/c_3_071.csv,9684862,c730b704ce7c231ac9350539eada5564eeab02c2b288c1de642799b9a6131b18
C3,c3/c3/c_3_072.csv,9679852,e8fad252665e8d7295a7ea2f68131afc0995dd6a18fd4b749df49f0e76962beb
C3,c3/c3/c_3_073.csv,9698247,0671f86d10c8901e0526a707b6994c97e634cd35ff5c8cd7ee1ad9f2e9bfb41e
C3,c3/c3/c_3_074.csv,9681972,b13aaacc4849542f5d3cebbb4d6add44a6ec355a7c31b45d3c49ad12d4cbc5e0
C3,c3/c3/c_3_075.csv,9682055,bd39c85ab71f15156d3ab973e444e3b00dcdd997d9fd5241efc40b124c6d2977
C3,c3/c3/c_3_076.csv,9668911,12f680b495e1784b8d3fe19362903045fc29a2b3c7de4dfe121e6ee2535e849a
C3,c3/c3/c_3_077.csv,9688711,16fb97789aa069d3e831995b1f02de78df11950056a7d5eb99369388663aa897
C3,c3/c3/c_3_078.csv,9699818,bc17f0798dec2889983b09f73a203f1a4a51cf2fe30f114e6311e90c3767e5f8
C3,c3/c3/c_3_079.csv,9676349,e35e2250a27b5c33ba424b03b5f11677b71507beb4df7fcbddd1adeba564506a
C3,c3/c3/c_3_080.csv,9700286,517347ddd284b6fe76b947cf142134ff0cdbc89f3f1bf293c614eedec89e2ea3
C3,c3/c3/c_3_081.csv,9693705,3efeeca3cd0c0f82db0eac4d9949f55ca1a1be2f84aa1df6334766e1fd41cb68
C3,c3/c3/c_3_082.csv,9703732,b4b52fb74aa544f526b6ce27a22954e6189eeba3e857390780c1a709423ea5ad
C3,c3/c3/c_3_083.csv,9705829,3180c5ea8db876d4a13f5597a81bf737994de1a558ca6f86b5ff551ced5733bc
C3,c3/c3/c_3_084.csv,9696395,bf205fe91aea430d9b1151b9893f15f1641859e9915e5cabecf68226b39c1687
C3,c3/c3/c_3_085.csv,9706139,29e1aa50a7d1ef69442fde4aedc8d9e1953ee039e97d54df3892ae033150858c
C3,c3/c3/c_3_086.csv,9703919,1f0a718a1a84c19d04f1d3e245160feeebaccac70116cf911fa38c1ad1193639
C3,c3/c3/c_3_087.csv,9682154,0a894164aa80254d8bb56f729887943d141c6964a0fe3e0bd255f7d2a1e1348a
C3,c3/c3/c_3_088.csv,9706183,9db8501e9a44a10c641045a7e229e4a13d2db23bc3f097a6fce1043595ee8d7b
C3,c3/c3/c_3_089.csv,9694965,7ea98de436f4c1943c72cb46c2f9df6eec3a39115a58b8ef04adc4aeeaf3a46e
C3,c3/c3/c_3_090.csv,9697293,e988f99635be5e8882ee11ea0a3cdcecbaaa5c5a0e5f223c551034dd11ba4aa6
C3,c3/c3/c_3_091.csv,9713132,a4d1b3cb60830f210a79f2f38915bd5906cd723498c80debda5e4f1f4b9c98ee
C3,c3/c3/c_3_092.csv,9696888,88ec8d23bc76218d2267c4d9b6bdcfc534cd6dfdebaf687fca8012c1ad7c81de
C3,c3/c3/c_3_093.csv,9707604,151b625d050627006a4af3868de1102e77aa76a63f3e41326b3a1af63e942742
C3,c3/c3/c_3_094.csv,9721828,a480bcf5bbc4fbfcc23f4bf7e58922025b83313443de85ffe5d60457b60edca7
C3,c3/c3/c_3_095.csv,9707638,88ff232455ee4fc434c2d78038d65a3652a91c047cd570c991e31fbef3ea1d42
C3,c3/c3/c_3_096.csv,9719415,34c6fba2dfb0d6262ebba0015f369fca967b836f20ceac088dc8d76239c696a6
C3,c3/c3/c_3_097.csv,10026331,e548ed77259547f4a8a10c2594e70da1e69f716b67cd084bcee70910788346ed
C3,c3/c3/c_3_098.csv,9743954,61cb734ec93b2d5398d48dba0e552248d29de868ab2ebe3b7907d1339c577ff5
C3,c3/c3/c_3_099.csv,9746792,efecb9b413b6bbeacf06903a82435b2972952306e848ffbe3366017b7f125f92
C3,c3/c3/c_3_100.csv,9739017,2989c969efafa3a854863a8bfbcd9c76169c5edef79e88cdb567ac421529395c
C3,c3/c3/c_3_101.csv,9747615,41dbac9733be915932fc6bdf6c3b6fd66900b37373b256fd29654c8b6460c4e2
C3,c3/c3/c_3_102.csv,9752047,6ae498a6c918e1741f664d5a00d3ab986bf3b207092d1db229ffc3269def9cb8
C3,c3/c3/c_3_103.csv,9757555,165c95308fe8694f9e682d5f72ad5e7aefa00a2980ccf7611c9fcd8512691903
C3,c3/c3/c_3_104.csv,9768092,01d122617801b0707bd9f7af5d99c0aa2e27da11108d6fcf028ad4e378f1aa44
C3,c3/c3/c_3_105.csv,9772872,fb1223e906f0a7075a315e4488c40a5174acc721ace01bb9e6859a07f3a1d35e
C3,c3/c3/c_3_106.csv,9766497,fa9dd33828be9b101cc25d816b76767d95274915cc9a82a4e5b17f76eaca4a83
C3,c3/c3/c_3_107.csv,9767149,42a5fbc4d7598a88945c685d29e108c1d81d20590b784baa5c29dfda5d327d87
C3,c3/c3/c_3_108.csv,9744234,14f14087ea1ccbc0dcf15eb66d07993bd60d334b0c4e29437c8a21586b66122d
C3,c3/c3/c_3_109.csv,9773124,a732dd344f93baa9e46f654234ea2dd44600590eb5c9f272bc71b306e4495449
C3,c3/c3/c_3_110.csv,9786623,7b75ab56799192d52105f3903ba3bf62ff63933377050b3e0cf4f595faea5c0e
C3,c3/c3/c_3_111.csv,9793356,5449f614d43b83b407ca2badde2b4d50f8bbfcebb5e9b8f93edf9635c44dab08
C3,c3/c3/c_3_112.csv,9782225,e47772d45f7c9e5377e4640f742d179d608dda047a06606a03702227be0a97ca
C3,c3/c3/c_3_113.csv,9772927,5da30c5bb910dc34cb776b31bcc3b21e4870a51beb5bfd649559842f9b2fa623
C3,c3/c3/c_3_114.csv,9787848,da5c7a276d4a3c456dd16f1b1166cf5f888540e28d7360a0833cb6484207c758
C3,c3/c3/c_3_115.csv,9788572,6dc8be3de729831a2fb3dc313e07cc52042dbbdc1632f13bb27a7c3bf38ba8e6
C3,c3/c3/c_3_116.csv,9792906,90cd44c06a5bbe9e3492b408ba06f8117de1dd615c6f31ff1583ce49ee22f89b
C3,c3/c3/c_3_117.csv,9787828,adc3128c0e93af8fc8b22bd8319a964de2e8cb1b375588deed85ea0ae7b81f04
C3,c3/c3/c_3_118.csv,9798440,ff437ea9a39bd161a45318b278ffeafc83ce38a6173e6973a429f687dc713f30
C3,c3/c3/c_3_119.csv,9761278,73b02b193b1f3aa973e3412d03ec3c5d5a017a502c3e1c77177866564a43e453
C3,c3/c3/c_3_120.csv,9784254,d8fcf7fd102ddf595f5cdbfec062c05e8f2983bf68dabb1b0a607a3d44a62b28
C3,c3/c3/c_3_121.csv,9803834,15fe53b053eef252108cf71132833f7ae7cdffce97c0801accd89b86f22fc16c
C3,c3/c3/c_3_122.csv,9803664,690087c327f2f831ec03554f1d3eea61b525966933a132902c3461eff835a843
C3,c3/c3/c_3_123.csv,9793309,e729dce8791cf2447e445882d7e2bdd9a69a71458cb5f60321dbdccad6e2b845
C3,c3/c3/c_3_124.csv,9807949,08ce07fd8491e9d232a35a8359b7c69bac7ab0e0b29ac86cb2a02ffc5ebc5dd1
C3,c3/c3/c_3_125.csv,9815708,3b22fcefa87537379fc710091b4acb4cf1fdffba490ee521cc84d4635d93e5ac
C3,c3/c3/c_3_126.csv,9804548,93656f3bfb553a75c34666ac4dedcdc1bed7994c0fc1a6cc993780c4c65dfe4d
C3,c3/c3/c_3_127.csv,9827462,318a7805f2556dbbf63e22e04775ed08a8656a30b727617d1b5e4306086be58d
C3,c3/c3/c_3_128.csv,9837577,9fabc890a256c255e9adf020e7436533e0136496600b753cd3f940c304f7fe98
C3,c3/c3/c_3_129.csv,9605440,44214732c231196b0added14d713c8f62d4553cdf824ff289c204080328955da
C3,c3/c3/c_3_130.csv,9841861,9b1b5ca5a306f1ab09b974056ee537cb5d9d15a846f8efd5794e782999c1dd14
C3,c3/c3/c_3_131.csv,9831282,f8aea5ed460740cf4fc33af3c4239d155f5689ef49b2a6d4b80d0aca1a5489ad
C3,c3/c3/c_3_132.csv,9826846,3b1f5aa04b81c36eb05a9471fcd04ed3fbe61f45dcac378e386021fa106570fd
C3,c3/c3/c_3_133.csv,9840827,ba698a3fc67e33389e42230f7e252633c338c1a97f8d05bab80822aacefd9660
C3,c3/c3/c_3_134.csv,9831871,5518ab3c490fdcf364c875518604a5f33577481db16a3f9e8dee05e0e027577c
C3,c3/c3/c_3_135.csv,9845999,87aa65aa5b6b964e1847605abc8c626f761135428ab059aa0bafbb83ca9c3e3f
C3,c3/c3/c_3_136.csv,9834336,db3fcc114a48b152736fa18524c4ff3809a01a4366a6b357f9f06e5eebcfc4a9
C3,c3/c3/c_3_137.csv,9854380,525e880ed32fe971b636d14d327d601bcef5853877c39d90741c0a81234d4510
C3,c3/c3/c_3_138.csv,9847366,6d3c97437f9007729dbea6303891e03096124b129a8e5882a74c162af977f0da
C3,c3/c3/c_3_139.csv,9861630,a9349a8057f2d5225ec7e7635c9be75ba7503814fb814bfc8c8dcd4f27707333
C3,c3/c3/c_3_140.csv,9833503,2bbf4d836313ec2a23e9af23f5b4df9c04290378901d017b8767bd59335fa58d
C3,c3/c3/c_3_141.csv,9854446,f36d5b9a713722951d994f7b5aba097ae532cd0494f75f97703b121b2facba36
C3,c3/c3/c_3_142.csv,9864694,42c7d4d23f6ca359e436d7d150056a501fbb81d074b1c5f51567acc8a6203caf
C3,c3/c3/c_3_143.csv,9865452,a728df4a9265987dd7915639d30c2eff24dd0c3838a420a3efcaab271af3a587
C3,c3/c3/c_3_144.csv,9872135,b4cc5124d6e3e9e21ece23c95204e8e4f1bac9c4476b9fd7118afa50a4274c0f
C3,c3/c3/c_3_145.csv,9874371,788981aebdce9cb6e13485c2615e76f64c07d980594bdaea506b3e4aa21c8d9e
C3,c3/c3/c_3_146.csv,9868477,f2f8d489357015929f87d1b81c0972963839bf501f2a1f3be936a9f58931caee
C3,c3/c3/c_3_147.csv,9875592,e4d9a711e9e029945e2abd190e35dec089145e77608d803d2415561d00b9b773
C3,c3/c3/c_3_148.csv,9886512,96e43cd76dcf272a33b8d5e66851c2b20cc662516dc36b0a9c05bb6af3c453ed
C3,c3/c3/c_3_149.csv,9900743,cab3c6108d8c1d8664106e96c4013245d3e32a11a3c4bc6eb28d3a5bd87b3e4c
C3,c3/c3/c_3_150.csv,9884376,5676c2e386d953f7176c39d1866804dcf8823d628a690dbb253af273c8b06e84
C3,c3/c3/c_3_151.csv,9845633,190fe278a8889ca6ee69ceebf46f97efe01f5d2c0e964f96193090d2ce5a8c27
C3,c3/c3/c_3_152.csv,9884687,ce7a1c88393a380da4c1f8eec34ddf20b9637714a2f62afe1553a05fd68b5d51
C3,c3/c3/c_3_153.csv,9889088,0898aa36bce9c01762555d6928ebdcc6a0fa45a09951be9524ed363eff3325ad
C3,c3/c3/c_3_154.csv,9912784,81af4484084af1d2fd7cb43db20e02f6c3ef25242df3f811ffdf08c41ae53fce
C3,c3/c3/c_3_155.csv,9894934,5f69a53b31bf2ff061f0f8dbe3145b5c5b46c2dfd3b1c15b87320dbbd3da9bf1
C3,c3/c3/c_3_156.csv,9889191,21dc5129e5fe2669b61d86ef70d29db777796efa5a0a0ed8bf87d9fdb837bcc7
C3,c3/c3/c_3_157.csv,9891645,634646ba13bd6085d435d92a47778f7d1299c161b160823d1d60643e3458dff6
C3,c3/c3/c_3_158.csv,9902775,b097f9f092064e99e4911a6d6a9b61a5c0121926175b39ef36defe70f1b4e507
C3,c3/c3/c_3_159.csv,9889780,76299f7bb0ed50bfa16f45ab2fba6d4f37fd33774fc32fa057df4c293fa99a9d
C3,c3/c3/c_3_160.csv,9895316,cf10e74bf548c4adcef4742eb1e2f924df94c2c9b93505d919fb125ae0204a1d
C3,c3/c3/c_3_161.csv,9923188,3009e851f0817b1ee0de3c3a9b3b2f1c3472cd5e064b2771809ddf96a94319d0
C3,c3/c3/c_3_162.csv,10006058,06ca85519f5be0f5a4a4ac849d1c08964e5d3981b497c0819c20315d301f4f85
C3,c3/c3/c_3_163.csv,9924077,39c19a4d4e4bfbb0650464bd869b92507992db11d7f29d2508b9aa7ed4d29e7d
C3,c3/c3/c_3_164.csv,9935589,8828a7946ef31428f3111bdfd1380ddc45069afc4da8ea6534c869f405095e3e
C3,c3/c3/c_3_165.csv,9923720,294695e5c31accdb567cae6ea061d3f9e80eab4db186c3c0724e84117f1e739f
C3,c3/c3/c_3_166.csv,9932307,64f32e37f75a00a76d31a3ced29517dfb3d7424a2c7243600d4168d0b7fa714d
C3,c3/c3/c_3_167.csv,9935561,61bae6075321bcfe01f05450a1dccac2c4280412f1b7d951e6954504ca9f1ed4
C3,c3/c3/c_3_168.csv,9949904,a2109027fbda29c0cf7a8d36a8673a019e1bb1d87c0df0dae36c014a081e3091
C3,c3/c3/c_3_169.csv,9950973,02b41c6bd570084dd07f85a0638f96d5cb65c9a1906ba5e471a38aa8414aee78
C3,c3/c3/c_3_170.csv,9948216,2b52f5027401ac6c01f22a995a4224d6fbd648f70bcc7dd070161611504d913a
C3,c3/c3/c_3_171.csv,9952877,a00d8bae3a6a8f1391a97abb7d63860c97f51b30ef17e5cb268f94e0ff776289
C3,c3/c3/c_3_172.csv,9938696,1390cd38d246f8f39858629a2740446955a0b7b09c76ef49c008e2edcbe22b71
C3,c3/c3/c_3_173.csv,9952565,0afb20507e49a5586b17918ec15af28d52e79fd0b8131a8155bcb94de21551a9
C3,c3/c3/c_3_174.csv,9952591,1515b10e1d8007d96ab28fec51e6b34f0d22fbdb5bafd32dc7c6eae08e51b944
C3,c3/c3/c_3_175.csv,9963977,21236926734f2e625854273cc2dbd49ced458d5d9e5eda728df272564f9606c2
C3,c3/c3/c_3_176.csv,9967940,328d78406caa0db19f7dad014559688785bec3852425857b898725b3fd330da4
C3,c3/c3/c_3_177.csv,9961449,ece5b0715120ed487cd77f0ba0da7af2b657510fb55cffca960b71d9b5722683
C3,c3/c3/c_3_178.csv,9959432,227afb016b3c3079fbd3a89fab565320ac4e9df71840972641707e9da48b8358
C3,c3/c3/c_3_179.csv,9979219,17ba1a6ab1d3adbd639f6284c45f61e90b4edb6b2644884573bba6f475dc424f
C3,c3/c3/c_3_180.csv,9969198,007572b5892ba02391878e4e85ea7e25149c09f4803a2fc3d11c0b32c62a65bb
C3,c3/c3/c_3_181.csv,9970674,d5996e84e3a050386283c6d3b64c78bfe08a6f2900fd586ff0dbba3c85171b00
C3,c3/c3/c_3_182.csv,9979563,3962c379c183363c233ac82c5ea8a3686a6de815130cedfe1dc68cab06eeec87
C3,c3/c3/c_3_183.csv,9915546,a2ced3dde53ee63283220ca3a77ba5051a107d38703a9d0c8117bb9323477ab4
C3,c3/c3/c_3_184.csv,9980304,46721bdb2cb609ef166639f9738a7fdfa4a8e076b8876cc36f4be7d21086333d
C3,c3/c3/c_3_185.csv,9981849,4d3967cf07ceb3727f4f805bd0e175c1de45edc6dfe9e44605a4418cd1906670
C3,c3/c3/c_3_186.csv,9985538,52b028e9133c0c4c2a0dfde37d855681ee04b65d23deb5bda8ae88393c174f8d
C3,c3/c3/c_3_187.csv,9984579,45973801b53ecb70c7c81f784acd11e2a3cbd5ca3749c14474b34e2674ce6a31
C3,c3/c3/c_3_188.csv,9994777,af26321bdfcf16c30ab479f2f1e00c256ac615e4be5e3de16b24607129b87c79
C3,c3/c3/c_3_189.csv,9993034,5e9e98816ad02c0aeddce1580f74a03c25523ec59fdb75cc13c7b7bae0729103
C3,c3/c3/c_3_190.csv,9994950,944bdd8ad64ac819fc07856fcdf95688e5afe089d4e4b31bd12bbd69d4094410
C3,c3/c3/c_3_191.csv,9995362,a3b4fe513f5a54127a4dfd0ea29bc9c7044a794b8bad54d546f3ff4985bad17b
C3,c3/c3/c_3_192.csv,10002994,3a32072fe3f8c068c18d125b26e73f220468c75c2110ce97a6c993d51964da05
C3,c3/c3/c_3_193.csv,10028220,a66ac92a294ce3403c00c22f78f16a7326d4fb4373bafe0629b1eef3d3401d66
C3,c3/c3/c_3_194.csv,10064939,746be2810e08923f2b87bd3a45178e68485cea25edfa45a2be72faaa7db9b33f
C3,c3/c3/c_3_195.csv,10029313,4e2daa2da8da672492b67b96a21a9f9af73e23d0c01297a266c5b934c6984728
C3,c3/c3/c_3_196.csv,10032193,20a8d3abe4f79eea00d231195a7639a136506503126f65fe9fb7159472bda9a3
C3,c3/c3/c_3_197.csv,10029727,7d5641b7f246501be289cbf97451581033fc3434c4ec5461a50f2ed870d34c4a
C3,c3/c3/c_3_198.csv,10039481,ae9d46ea75ffc1e011413d86958aa7f00fcf50047991baf5d53e0494a93f951c
C3,c3/c3/c_3_199.csv,10032764,39af13de60ff0d4b1e94133589f4acbd10bd98bbacb5e8a89a5938ab1387a5bc
C3,c3/c3/c_3_200.csv,10039769,53fd09ccb4790a5d8a95ff82339c6ad57a93c806c134c611425139c0b816fc8f
C3,c3/c3/c_3_201.csv,10036743,fd63a83dcdc76a2a781b08b56a1da281f425467f533a615bca38c707ca14f44a
C3,c3/c3/c_3_202.csv,10049149,6b9a43fd444cb228f9584dd259365cdfc609ff1d50dd664cfb0732049bebd223
C3,c3/c3/c_3_203.csv,10046910,01b448bab000e5c4eb9a43fc51b04aecd8a7acbecd33bc3e99b0330098996e56
C3,c3/c3/c_3_204.csv,10038049,7623beb18a36bfa97ce03a4dd914e8fd49187e0d84ff5fe7633d4308d11acac1
C3,c3/c3/c_3_205.csv,10033601,63d9948ab79ef85142dde13fcc6511412985899e248305ae8b73a022ffced232
C3,c3/c3/c_3_206.csv,10051792,de78975bd8f361c898c719c4c2df2035de2e7bcf5dac6daddc5a2cb9d79aced1
C3,c3/c3/c_3_207.csv,10060637,d826facfc9c626f527dee98e8751055effd1728fd07bfb609d27feafb05dba10
C3,c3/c3/c_3_208.csv,10048271,a3bf0407fdc46c7a7e321655a1ff568cc292ca571eab519eeb325bcf3fd0d4a8
C3,c3/c3/c_3_209.csv,10044778,e83776af007b2625473fc889a34f853c8a0b474c54a68fce8ec64a1301db1774
C3,c3/c3/c_3_210.csv,10047320,e8f8af2e4bfff53806a35dda68a7d5e4eba799dc2bca4a2f47e0ccbdd4f027e4
C3,c3/c3/c_3_211.csv,10054834,49ada5888e8ac4e97ab9c717d08a57593a159e0892f017b5a24978e7123df14b
C3,c3/c3/c_3_212.csv,10043980,6e2e156247a55d5ef46392dc374ac4d950cfa8d44f909b525713dc84e694e7cb
C3,c3/c3/c_3_213.csv,10047548,accadbdce44d6d65fddaaaa6f66ac1f4f94afb6895f41904f21baf079d790619
C3,c3/c3/c_3_214.csv,10055366,53d8449809775f8e48199bebce68feb0cd5c9e954cd7895613afdce915ac7e5d
C3,c3/c3/c_3_215.csv,10043039,b27ac03d207f062be7e053b14b4bd97adcb8e86e4023c6af4eaba2288bcd5b29
C3,c3/c3/c_3_216.csv,9703190,65c385ab20a32f3a01478b891fa420ca77903a4b91964f27f472fea04bfe6dc5
C3,c3/c3/c_3_217.csv,10066437,f4b6532c66c75cd9950c970abbbb35fdc02b5b4231b88020f34cd94841d4e3aa
C3,c3/c3/c_3_218.csv,10052787,436e13dc2874d7249b2315366cc5c4b6eaaaf49b1616a517b95f14b09de509ea
C3,c3/c3/c_3_219.csv,10056978,b913198a7d2e5eea2021c13a0ee8919b0a276f04e09649ae9435d8274de034c2
C3,c3/c3/c_3_220.csv,10066928,b6341bd5139e19b6a6be8b2136ad70d5537d5ed2ca0cb2f1ca0e5c03b2805602
C3,c3/c3/c_3_221.csv,10057305,17969db1a02625198902cf846a4b2896c692d32853b24f4bf739f7f760580e21
C3,c3/c3/c_3_222.csv,10062730,bd5b6facc217fb3c55edc56f6ed8a1ed6cec82a53e350b358e29e320338b340f
C3,c3/c3/c_3_223.csv,10061212,ea4c73c9fc8df951bbbe703b271ce2b7b5cc23247d6468efeefd0d9fb73caa0b
C3,c3/c3/c_3_224.csv,10063551,a6c015e302622135e82adefade48773baa667005fb294d94b113f17ab30af302
C3,c3/c3/c_3_225.csv,10140077,9a3e90279b665896108bfaf40ab7236a47cca97743153790321e2b6a5ac30717
C3,c3/c3/c_3_226.csv,10094748,d35aef2452613a7e2fc4512fac75a673493f7f0dbfee5d3caa483aaa4b53a8a8
C3,c3/c3/c_3_227.csv,10092175,7e013e27fdc228eb3dea1b397e234822449c92b26c0e79e54e1c54005a77fde5
C3,c3/c3/c_3_228.csv,10101296,45951f2633aa39fd9cfe3c6c3681c4273510b192afa560e4c6952a243a26d795
C3,c3/c3/c_3_229.csv,10093988,91cff4c4a3bad7d31d27126b1236851356f5cd78115dd78002d4e6962c6b2cdf
C3,c3/c3/c_3_230.csv,10107499,b24ca07c60b69a3873fd9c8024e93f542b0763671970820e0cfc08097a116738
C3,c3/c3/c_3_231.csv,10100839,b4016d9984ecda7888f2e8aa10f9830fa91527dd0fa4ea51241129e23cc832f8
C3,c3/c3/c_3_232.csv,10102492,1fa4cbd14d56a6a5a5064b28a7631bb8a3c8cdb6691039a08f6130ee454c9fe4
C3,c3/c3/c_3_233.csv,10099903,9209ce7d7bf36495699a6f1550d1d6f1d51a2d8a918f45a9ebe4ef8c003e8224
C3,c3/c3/c_3_234.csv,10105783,8c17708c947f3708fa90e8a83d6a323ed94f5b5d715e21ef1d15e8bf3d4f313f
C3,c3/c3/c_3_235.csv,10110764,7c15f543e92b4f36ca39b5dfa8e24aa55ba8d68dc0bd294449c1e66e4be41897
C3,c3/c3/c_3_236.csv,10103636,07ccd86e3be2a498ded4632b7c0fc14e133f74e804e2a95c7b528323727340a6
C3,c3/c3/c_3_237.csv,10102803,e5b460e65ef2aad7c7f73e6cac0047e1ab3837257f83794c6472b57e45c2c0fe
C3,c3/c3/c_3_238.csv,10102938,32b3bb1badfa443ec38a8f9429609463920ae41cc875d291f2cbf7de3013a4c2
C3,c3/c3/c_3_239.csv,10111620,92641f9df2e46a96e842b09d8afe8bb8bef72ade5db31a89a298a17c86d0b71e
C3,c3/c3/c_3_240.csv,10113131,f52d72a05a378b2d414128ef42bf8c2278203af9f5e45c712b1eafab56ec04fa
C3,c3/c3/c_3_241.csv,10102432,6411e431adbb476b27a11902f265c660a524e1892f87c137401a6ee245b8e102
C3,c3/c3/c_3_242.csv,10073144,af9b7e5ce032a1c5b4c49608a4a07d5f9bd6d08239c02733b7f585803eb4d75b
C3,c3/c3/c_3_243.csv,10104622,71ed472007630eacd6adfcce2d338e00ac2c7a6ba7248ef93800e8c57b32331c
C3,c3/c3/c_3_244.csv,10107826,f461b636b4663caeb2fdfc8de3985ed77f6b870a73c542d048d50e5c62fa5f74
C3,c3/c3/c_3_245.csv,10112784,8aa2e74a367d9965d8632f5d66f26ea5458f5fce0851fb991840de00b6aba81f
C3,c3/c3/c_3_246.csv,10099751,00f37382c01345b130281899b7c460fa3742e187b79ca072de3f9736cb63ce9f
C3,c3/c3/c_3_247.csv,10112477,bb4a0ad4278846213b40d1b29093c1cde2ed552babf90707aa5dd3887fe4deb6
C3,c3/c3/c_3_248.csv,10108047,e982f62f9d2600905222888392195ccc2eaf83c772a7a7b38589cd80038beccb
C3,c3/c3/c_3_249.csv,10111502,81a420b8d1b41e5baeca0eb41f4eb9358c51069eb4e4df651062ab115b4b4e40
C3,c3/c3/c_3_250.csv,10109547,8e5c90bff2c28433977adef551af73b599c9c1476efc67ce1e4ef1efed1e4082
C3,c3/c3/c_3_251.csv,10109033,8afa1065b0b3aa4a210367ed90a67fc5063e752c21423884e120ee72afdef211
C3,c3/c3/c_3_252.csv,10108439,2168df9a1abb3e136d0fa594f9c43cb8c7e6570fb262af827349e0eb1943a015
C3,c3/c3/c_3_253.csv,10107236,e02e301d9aa56f83e97673915ee051e8e613f4387f1c531b2a3060ec39f35707
C3,c3/c3/c_3_254.csv,10102647,ae4c8935af9733bcdcc8e677a75fe08295168c3fdded6bc8ccd45a97d98f824d
C3,c3/c3/c_3_255.csv,10102448,aa89b48d914743d613cf63ab31c87297e4605148118ba9a6d0b80c2176aba556
C3,c3/c3/c_3_256.csv,10112217,fc17d639535ef74785954817e75f66940697aeb1293a742d60849b974290f9fc
C3,c3/c3/c_3_257.csv,10128046,9b5fcae9f8d09264822e7e4352363129dc7883ca2eec7930dbd440defd7bd8b9
C3,c3/c3/c_3_258.csv,10139747,6c84c31eabb6156889c66175f669e1fa5f39e3a752f06a1b364167de3884a4c1
C3,c3/c3/c_3_259.csv,10141847,3179d7b6cf423c355a487776304041203927e7f72164da0dc8e6340c72ba8114
C3,c3/c3/c_3_260.csv,10135999,16b1c87fdfb71739d21015e7b092afa1a23b56f6282e031373869aa20fccf458
C3,c3/c3/c_3_261.csv,10142913,96873ec9c4c82abad9c1a0d0da9ff002fc2c9c867b74531f9592c8fc47eb0ba1
C3,c3/c3/c_3_262.csv,10148331,340470bd6a3da81bd053f3d5806dd576ea9ec17d4459cb7631a366f057f220c7
C3,c3/c3/c_3_263.csv,10135423,f7a6feb9e93da6bd215065ae533327607b05a131bfb40ced44a866d3910f46cf
C3,c3/c3/c_3_264.csv,10140462,d40778df71dfdaa8185b71ae12efd6d323eea8d3e81d4b814d3849218a77a09d
C3,c3/c3/c_3_265.csv,9915415,89e67fd376fe2010abeae524698e59f66360a2e538bf32a25c4307389b62ceb0
C3,c3/c3/c_3_266.csv,10137440,accc603bd3fe0f7ca8ddf088160c76d6b559c391a256e76da83cb2a8f902743d
C3,c3/c3/c_3_267.csv,10145140,573f2d69515d302f3cdc7d8cb00c24f29421fbc5bff1bc625d6daf79f2bbedaf
C3,c3/c3/c_3_268.csv,10132832,70a12506712f0351c5cc4da0f1e5988250aebbbff9ecffc9a8d4a1760e50d210
C3,c3/c3/c_3_269.csv,10152476,4a20862e1c8009369244f0bb2a5feea5de4db848ef2f02b75c87b0e1acde5ee5
C3,c3/c3/c_3_270.csv,10146351,e0a8c996f7022cbbeb18c2a61ca7affb1820e92391b686f3479cf4bd4451fcc4
C3,c3/c3/c_3_271.csv,10146863,3c425a5267e4ce334db0076eb340b292416eae5cb63b9fec390220b7a2682439
C3,c3/c3/c_3_272.csv,10148210,e16433c4b4afd7dc77b2ba7cab85691d1c6e031061da590a2db261d94fd6501c
C3,c3/c3/c_3_273.csv,10149344,5d629159c0076877b858fd0c6b3b917827a5c74d38502e6d890ec347f20434b6
C3,c3/c3/c_3_274.csv,10148335,159dd5e1a0333405d9c41e1fc2abbf42c0964d2ba8687066e2f8b41a58002322
C3,c3/c3/c_3_275.csv,10149460,d3aae57ac919e863a3270749ab491c00efa982f2cccf781e41952e676905418d
C3,c3/c3/c_3_276.csv,10142086,b019e77a62c416fe36739ddaf59f388fcf1749f25483349f7347c81582fdd64d
C3,c3/c3/c_3_277.csv,10139740,cd5bee42093cef6c50671f2a980d7e53e92ba91e43faff5db4650275a058d750
C3,c3/c3/c_3_278.csv,10145038,e4d97f42a1e6ee2c93f5701a76dcbd31ad3724839d9599e0192ca6e590179d95
C3,c3/c3/c_3_279.csv,10143036,8a721b7032d807295be902b98bb64f643ac6169b07949ee4e9ae2e357f6d0145
C3,c3/c3/c_3_280.csv,10144091,a3477c5750344c1352dfe51bfcf751773d706da14bb94c813341f2f7afd8af43
C3,c3/c3/c_3_281.csv,10148310,914f218f98ceca55d498d8b9110ad97790cb8bd21487efe7f6531bf8c3a95908
C3,c3/c3/c_3_282.csv,9995137,61c05bf69fe78cdc46acd483db5e8ea9125f30997e18b84551937f016fb5f5c3
C3,c3/c3/c_3_283.csv,10139324,a671c79a65b20fb778c9e43d0e19db9fdccc959dc8b2de54c15ddea216569431
C3,c3/c3/c_3_284.csv,10143258,8e0b5d96848d23ccfd433bfa44e088923228d18434680e1e7c312e1c8831b5ba
C3,c3/c3/c_3_285.csv,10143543,88ba22a9586bf1e2f8d668903a305912b3bfab95aa8f412fdfa2118d82786cb0
C3,c3/c3/c_3_286.csv,10149291,46f12357a8c2d8d8ebae2b865b49393d3bf494a57daaa97a12c37fe6c4a61547
C3,c3/c3/c_3_287.csv,10143132,beebda25da16d3706d16e69c4730428fc6a1f9ed2c133f9c641b4183d329ae46
C3,c3/c3/c_3_288.csv,10151822,173c3eaa8f6f26e33ddb3daf1e96bc175788e04ee3c135abbb3d636817178842
C3,c3/c3/c_3_289.csv,10177003,fb03baa9a2213265cd8f416fe4548e7f1bc00a884068daf135d222c9d8896f31
C3,c3/c3/c_3_290.csv,10190902,7eaf224a136c62dd7c946a1f2e8f463b8cdd09a046eb7800f1612dbc5365f620
C3,c3/c3/c_3_291.csv,10182242,f61b2f17c4370f2df82b8b8e04072c13496ab00a97d1fd71882b14560cf1b819
C3,c3/c3/c_3_292.csv,10177839,8e702e4b037931efa7e89ee5fa8974bf86d3ea94a3a9ff67afddb857f761eb30
C3,c3/c3/c_3_293.csv,10179059,b7e037821c5e069d8c8cdf45f11f25396e4e88973786ab38f3f63c5097b9c576
C3,c3/c3/c_3_294.csv,10155698,58475542d79f3447d634b06ab5d4b52e727956d369b4b37f2f2fbbaabf87601a
C3,c3/c3/c_3_295.csv,10179828,d77d48f5697066fe93578ab95231a2b8ece4b50c6d11efcba5fa691d66de58b1
C3,c3/c3/c_3_296.csv,10177488,c465bcdcfdc03b06415e8aee5c435c486b73a92aebe051f1f838a0737abb777d
C3,c3/c3/c_3_297.csv,10196037,96abba33aab8aaf4d2e3e580fe77313568e347c2d6cfa831343cf61e6eaca587
C3,c3/c3/c_3_298.csv,10170920,789a3d733c97317cf6e15d981062e6db0c0d8ebbfd1ebb915d5b2cb278a8a370
C3,c3/c3/c_3_299.csv,10166829,652745a4e9bf7ab24f2ec3a2355317f574b11d899cae3c7c1568bcbbde5d65a0
C3,c3/c3/c_3_300.csv,10173570,f4673f738be337e470fefd3b75bb52fecd109c739d1ea348ddcc8a88e4674a14
C3,c3/c3/c_3_301.csv,10185512,b7716afb773ebd2ed68e76fef81f8f86c4563b8fa0a7cc2042d26906f0a682b5
C3,c3/c3/c_3_302.csv,10164086,0670959fdaa40bd62e2aa5eb7bf4eff0c36934bfca11331194d5e9c6bd3e580b
C3,c3/c3/c_3_303.csv,10139814,7144ce6eb8f017dc2f92b6b859cb2a018bd846864d51a4e9d5bc71ee64d11c46
C3,c3/c3/c_3_304.csv,10141361,b9c3fb66344764cd8a71efa21ce689604ce6c3cbfe22369e8f8e665322ae6a4d
C3,c3/c3/c_3_305.csv,10145984,5518e5ee43820d3cb8d1b7bcb13475c0f15c5fccc23058809d68a7012cd70c19
C3,c3/c3/c_3_306.csv,10142876,b757cae2ceeebab28e075fe44d45334c56d2b5dd83f8a60a14a68cbdc63e9832
C3,c3/c3/c_3_307.csv,10136856,1ed6a8a1ad96b12994799f494ec312e245bf901b555c82f642086c9c16ccd8f3
C3,c3/c3/c_3_308.csv,10120480,5116700cc44fb38b4ef249e0519746648d3de748670ccc9bc28680eedc473e7c
C3,c3/c3/c_3_309.csv,10117997,5b5ee6b7309c6c8fa76337cad47b22e949578f0e226377e4e54c557587ba0c1a
C3,c3/c3/c_3_310.csv,10190299,14639d4e6e2eea23e36ea4a703514de08ff3e988a2f1130a0497c66d861ca033
C3,c3/c3/c_3_311.csv,10105335,e36f51ef4dddafd36dba969ee52d4689998b71382a695e237fafcf185acab301
C3,c3/c3/c_3_312.csv,10085945,bad8379270b7bf8266cdf0f99a6c407624173fc7dbb3e48e0502bdc6c6a6f1d7
C3,c3/c3/c_3_313.csv,10070713,c031cf6948e130fce167ffb47c4ebb3b78d00afebe274eb1624b27bb1ad200f2
C3,c3/c3/c_3_314.csv,10038916,ad8f0ae72050481b094667ee64053c14b545e0e56e9374e7cffbff57a6677454
C3,c3/c3/c_3_315.csv,9953702,48d11146205634a114666ea57c28b9e32010c42696c2fef0d6f3a5c88bff4069
C4,c4/c4/c_4_001.csv,7265211,28ea2a40c36f8008bcfbe0de34e7fb6294c5a4442bd85fb240413dd59eba9c08
C4,c4/c4/c_4_002.csv,7265211,28ea2a40c36f8008bcfbe0de34e7fb6294c5a4442bd85fb240413dd59eba9c08
C4,c4/c4/c_4_003.csv,9505994,d23478fb1de02e998192f8a30e5c3e9dd24f95d1ab08e954ed6706a1a10d2b6e
C4,c4/c4/c_4_004.csv,9789195,42259c1cf644204a708ae54fcbedc501a497df23c72d02b9e459229f91432ab9
C4,c4/c4/c_4_005.csv,10119231,d94bbd666e91f32540cf3840f8cb856a5decb675fe39bf6c07386b5cb87fe45f
C4,c4/c4/c_4_006.csv,9778257,4550bd3c1d9e0228172b17535c7b8e2b73e1a8541f8eae26782d02582704852c
C4,c4/c4/c_4_007.csv,9779272,0de934841753f982490b76f3221f0fb30d90e80df25b9cd1eda739d27f5538c0
C4,c4/c4/c_4_008.csv,9754110,9d9f394a71382949e6baa68b45606e8cb18da4ab64371c96ab52f6d76a122c8e
C4,c4/c4/c_4_009.csv,9776559,4b4828aa3cb030b7eb5df5bfa90354501bff4dd42133eeed9b2d7943c10324e0
C4,c4/c4/c_4_010.csv,9785151,6c633537f330a8f593583fe77eed7f878e6171911ec95422baaa0ff4e4970d82
C4,c4/c4/c_4_011.csv,9771484,1aecfbb2d14c48b98df22403c31d3250e286d59a9c891f5a666df62696f0f8d5
C4,c4/c4/c_4_012.csv,9762128,9cb7a90d0699b1a296bb73fd0374d2ff752e27075e742f0cfeec5a09d35ac032
C4,c4/c4/c_4_013.csv,9690031,c27e4a01ea880328a179be3712b9a1e1304f709ef7497009ca09e251686a2ba3
C4,c4/c4/c_4_014.csv,9764530,2b191762a6b29ae8060394eb492d5cf5ac96bc233142470008ee51122fb82478
C4,c4/c4/c_4_015.csv,9758198,138362772b8d2c4aa6d7196406009ad69e66e1777068f92c891c476c401e8429
C4,c4/c4/c_4_016.csv,9735599,783aa9920153235b5fc709c3a163e8fb1f6ac1f1a313cd2ebae9844113445b13
C4,c4/c4/c_4_017.csv,9756444,f6b1c1e40541f9803f8f183d01e3803a31b17f3cf6bff8ab1f737dfa35d92e14
C4,c4/c4/c_4_018.csv,9753050,561bba53b6e9bcaec8c5b5e0edd52de4c16412d21dacfe7091744736140146d4
C4,c4/c4/c_4_019.csv,9737709,22dfe21627547132bc7c0ed3b65393054d3159ee070e0f9a3d8b55d85bdba304
C4,c4/c4/c_4_020.csv,9753522,35a029bb9e58ed29f5cdc35776b3f341e41b45161b8d6b953e09f14e18bc8abc
C4,c4/c4/c_4_021.csv,9783480,4698f991ab2418d3dce6ebead4ac9d0e43e64431cbbe0434ce60062637382b8f
C4,c4/c4/c_4_022.csv,9865113,eded941cf3aa8a9889dab675da9f7035d3826c082cf7e35a11f5c6cfde9cd291
C4,c4/c4/c_4_023.csv,9852544,dc25638386ef62c31ade0840cafb89344c4f55b28919f3ec19e3ce88c0bd2615
C4,c4/c4/c_4_024.csv,9833426,a799afa4235d404542d5fa584baa628b66348ecd981096250187371844e00bc2
C4,c4/c4/c_4_025.csv,9815165,33538eccc69c994cac494c4e8abad30a8b2ea047251f7617f8e1ddcd63dae79c
C4,c4/c4/c_4_026.csv,9825020,fa975a26bfa925cf12d368311ced291670f56d794d5ee58ef42235ef78e123f0
C4,c4/c4/c_4_027.csv,9817641,53ece9f3606f83af716372958b23f05309b609af3fc9c2e571efe07e5f6b8edf
C4,c4/c4/c_4_028.csv,9830176,53f29580b5de4c29ad8525e9f0fe0a43139b0f7410473f885f0ac05f725e4d10
C4,c4/c4/c_4_029.csv,9809365,bc990053a0ea6b3cb8a50118a3fe327f9d4f01f2c7c04e665972ac3758a836d3
C4,c4/c4/c_4_030.csv,9824447,fb9e0bd88220db2f956ee23286574ecda2e322fa0bbcda0776ba12946c96120e
C4,c4/c4/c_4_031.csv,9809182,1fa4cf29123779dc9f46301cdc9f942e2c5db93e69ac2fc8b676859cf65ee278
C4,c4/c4/c_4_032.csv,9818646,fdb515183f4fe3f57056878aec78f8a29afbd7285c31646df2874a6d8cfa14b9
C4,c4/c4/c_4_033.csv,9742434,2fd78eb39bef67605dcd76bc81a608514015750e2e1cd57cace516cfd47555bd
C4,c4/c4/c_4_034.csv,9800189,3ed4f4e90a7eeca933125f963112787749b8c9ad89b476388b520f8eacdf91da
C4,c4/c4/c_4_035.csv,9808629,54384301ae7eb1f29cd7eed7ac0ffdee08c7bbd4ea94b3a2861067b3aa45b0ea
C4,c4/c4/c_4_036.csv,9448248,aa80ca0ec2ea13a1b2d36268b4599f6cea039e670bca4fcb625b5017b7672ecc
C4,c4/c4/c_4_037.csv,9779921,f9531052642954e36aca738dc5f34a21f14e26f4d1cc00c7e412ce3193c42bff
C4,c4/c4/c_4_038.csv,9796297,22bde53dbdca65caea415f6cd304edc825afeea3c6e3aa20286c948533aca054
C4,c4/c4/c_4_039.csv,9781331,f2d0559f0f8a193e2b94b01e3063c2ab8fcde3372531b499797769c73080c74d
C4,c4/c4/c_4_040.csv,9800043,2300550e6c11f543e11fc2290a5cf10857ef647b8d0cfe29dde0c5d38b65b61b
C4,c4/c4/c_4_041.csv,9783903,d2fa69d1ccdb77010303f04b5433bc938619ff26b45be2263949d563d5d51ab1
C4,c4/c4/c_4_042.csv,9795113,77d70d2450b2386196aed64a2b47f8d34878f47182a6b9e109a04661b41a5b3c
C4,c4/c4/c_4_043.csv,9793000,d74ed46891497c1d49aab0e20ab204e6646c8aca3922eff5b07e12b96fdf190d
C4,c4/c4/c_4_044.csv,9789131,f77cb880f18fc910c74f1d67ed6b284960aea91d86dc0998eac667911b11c777
C4,c4/c4/c_4_045.csv,9786614,4710065f94c9f5935a091e311ee7f2e1aa2c4fa2e8e0ee28b509fc6323bf96f0
C4,c4/c4/c_4_046.csv,9796348,51988e15a406d1569abd7dff0eaa278aebdb7ba657b16c7027e1aa4b689a9f71
C4,c4/c4/c_4_047.csv,9787237,faa82bfaf68efa0fa31a2eaae16282ffb21086ef67f2b301de9cd5f46003253a
C4,c4/c4/c_4_048.csv,9788495,d140e8ff360c7848062ee15e73fb71804a73b80ec6373c156affa6bc8341912d
C4,c4/c4/c_4_049.csv,9803077,dd0fc0b8f71b2ced9874c833a85bcd9779be7a6387a3164845ce47656912c0c3
C4,c4/c4/c_4_050.csv,9805369,303548dba58f12f275363b7fe9b43d63ccbc48f311fd6e344d740931b5ff4ace
C4,c4/c4/c_4_051.csv,9795386,ffbd88274bc6c9de574f5b828f48828335d77d4210c498aa85ed812b4e86c8c3
C4,c4/c4/c_4_052.csv,9804662,01c2b6639284137287cd65917534a9082ae8fde474217485629eacace36a0bc7
C4,c4/c4/c_4_053.csv,9790987,00b370571f26ed085716c1dfe73e9cf9be13e6e6ac16b1ad1fa79a4332929461
C4,c4/c4/c_4_054.csv,9802767,37c769b3e255b95dc45c944a2faeefbff35f32a37086733d53ac8addfb9640b7
C4,c4/c4/c_4_055.csv,9796219,685c443dfbc8c219233555e3d2ab72caa3eed9653a0d688a169f3c354157fe9b
C4,c4/c4/c_4_056.csv,9806278,6d53a22d550ab246985e46a3fc4073d6e45f48342e464f026c221c6e3e2f132a
C4,c4/c4/c_4_057.csv,9807679,bcefae45fdb6f9ee7d0b5f288afca698e3f074667438bb17573e82d1fd2829be
C4,c4/c4/c_4_058.csv,9805555,2074a50614e299a591d1b28b17a877c64a4626819e0c8198e36f2d7d9b5cd2eb
C4,c4/c4/c_4_059.csv,9725654,60457f424af89321e5fc1fe87abafd902fbd55a0b0c3ffd2668f02e8e1ba715a
C4,c4/c4/c_4_060.csv,9801370,3d0f06b8f6a2fa900da2cb3a4ef9bb1d39c9144993ee4b6cfc427b5eb39ad959
C4,c4/c4/c_4_061.csv,9813091,b5019ac98183e8b486877893c3b3d2d74468d6e27c31ac48f9c19079444a590d
C4,c4/c4/c_4_062.csv,9810520,44f7094c7dbb6569f6ab221372200f5ff5ca0901ccbd6b538db30cd45311ad18
C4,c4/c4/c_4_063.csv,9819762,8759e9f692a61d20f5d04ed96d8686b75bee2a6f60b54d67cb8f672d6bd15e6c
C4,c4/c4/c_4_064.csv,9819340,7243917166a753c5902aeb411cd65222998d850a2f4e9ab14a3f3c90af39191d
C4,c4/c4/c_4_065.csv,9795881,b66d02a21cb4d520f7dd027a938d47b79ac46b6d2eaacb939d69a484ec74bdd5
C4,c4/c4/c_4_066.csv,9864578,a60c46c8b09cf3c8e73192d94e2f55e12ff11a6e47126c90d728be472218f20c
C4,c4/c4/c_4_067.csv,9875910,f99b6b98bc6415c36cb3669275f266737749558983ec91cb9a56dd53e3b64ef3
C4,c4/c4/c_4_068.csv,9851128,ee4ad3efd462bcbcee11a3fb2e7a56d110c03dc2fec42708fcbfe0fbd24b6440
C4,c4/c4/c_4_069.csv,9860303,b4361e0e3083b481e38ec772220f5907069ca5dfb78ac1d4cf0423917826d7ae
C4,c4/c4/c_4_070.csv,9860591,56ac1d2d2b700133d30cb0f8176eb79c9ac8f8cadec0ae9ad62dbe3fec9b026e
C4,c4/c4/c_4_071.csv,9848914,58e89eabc67b20ef92320627c27bfaa937b94adfcb8b55fafd01e06b64f4f7c5
C4,c4/c4/c_4_072.csv,9854697,af13b553d87825cf9b4d647fdd7caa57221494b36968428e3fcd45253b1fe9e3
C4,c4/c4/c_4_073.csv,9843269,7dd5b4b82148ea6a077bb25a5961ae9c4968e218596480b7f51dbd1edb88be52
C4,c4/c4/c_4_074.csv,9853970,c49699f8231019855958590c4774baf54d77b0c739fe3f19f19f3ff8f7c75af0
C4,c4/c4/c_4_075.csv,9856618,4c4b789ed5a645cc1cc8eaba99250142477e348afdb40260acc76a1ef61657c9
C4,c4/c4/c_4_076.csv,9865518,05bb4e1b830cb0d39ee02354e5121f035de4004c028f8f5ec86249eb751933d3
C4,c4/c4/c_4_077.csv,9845799,785f780f4b0113d42a6ecc281a661c0ec493bdd0441552191327327b412a5704
C4,c4/c4/c_4_078.csv,9873538,abb11853670787803d29ae6843d135addb30a5cf745f95b8edf670cc47648e77
C4,c4/c4/c_4_079.csv,9864343,3202a5ab5ff91d214374ad75807986fac609fc921b1d6e47fe1a8c23a7b21d84
C4,c4/c4/c_4_080.csv,9867873,c5f738d02496e2f373cab759c9a9c248e9f8479d76cdf46125ff454e70d92bdd
C4,c4/c4/c_4_081.csv,9756420,d39e2f8c26d29ff2670b769c2954037a80e6d9aad405f893d658f6401a7e07dd
C4,c4/c4/c_4_082.csv,9872718,04146580ede68c4e6c17b1b59d8f396d6dc6d4defa605c950f4f3608ca3b7819
C4,c4/c4/c_4_083.csv,9884914,514e10d1f0c8a8c86703310936c9473b2d2bed740d9895335794a8d1b73510f3
C4,c4/c4/c_4_084.csv,9892207,05f4825a1be6c6ad26cafdb473dd0a330c004fdfe156cc22abfa336a4d8d772a
C4,c4/c4/c_4_085.csv,9884044,15068c788554567d000882a4ed8beb19f9c86ec3d54ef9f2110b36f78c17c4d9
C4,c4/c4/c_4_086.csv,9883453,e67fd565530c4923cdd72dab7205a82f6f1b08cab2d1312edfbe1cde44e9c937
C4,c4/c4/c_4_087.csv,9876906,f841487764d9264ef0a127e6470036fad345b6fb6a2bb5e31ed7e41c5eb866cd
C4,c4/c4/c_4_088.csv,9875126,ddeb01551f9ed9447de493161564436746bf89123bf3f85153df056969d2f010
C4,c4/c4/c_4_089.csv,9878403,ebc2f23c1a0668ed697df5e15a7857e411ea67634fd30d906ce00312a07d06ce
C4,c4/c4/c_4_090.csv,9786490,6985bed43958d0be290248d454a924952ed89f4016dfc88c0a95c63cdc31f781
C4,c4/c4/c_4_091.csv,9911885,edc26fe02912887d2752bd9176e9fbed45bff7eed9b8e888026e0d4537ffbcad
C4,c4/c4/c_4_092.csv,9894605,002efe92022a9d7b911adec2b53038ffbbcb6eeff45fc030cff368de97531088
C4,c4/c4/c_4_093.csv,9911304,c0558f90550ad4500bca4ac06af3d2e2afb98da290e994461bbc4c8574b9644b
C4,c4/c4/c_4_094.csv,9903641,aef758f1d45b85ae77f7aff3626e2e3f224877a14e1d5750c4971edda9199a33
C4,c4/c4/c_4_095.csv,9877987,f3507bbe26ca3b02e8bd1ae81138246e1568cb7b37f130e482449cab293f5868
C4,c4/c4/c_4_096.csv,9876032,376ea559b8666ad8bf37cc36778084b727a082fa478d6fbdbe799c3cb06c0928
C4,c4/c4/c_4_097.csv,9870813,6e30ec967240acf3960c0ef6321bdf8c8b71b7c73984ec6b8a1b465e16c0716f
C4,c4/c4/c_4_098.csv,9959947,56bef3e471ad339794f689e8fd9b35efc3cb4e9d49721da74825e86fddca6247
C4,c4/c4/c_4_099.csv,9969083,22c44bd163bb514ab3c6319340189836c4f162a26611b7bce542623de606092f
C4,c4/c4/c_4_100.csv,9940691,ab0692efc6884f0f2691c3c2db190e626e0de5f23638334b6eceee9a03fb9150
C4,c4/c4/c_4_101.csv,9954687,5be9c8ac7ed3d91b841419f9948584b678a1931dc995242d9f8ca5fb02a9103b
C4,c4/c4/c_4_102.csv,9935537,5ad0d7e6f058a439291a233c50b115f7124a37760415dd49ad9773fcff942daf
C4,c4/c4/c_4_103.csv,9943411,3b33807d15787b0f9dabc19303ddffca7b38e59d7a069e25d19ef0cca9c6de54
C4,c4/c4/c_4_104.csv,9946005,a455682d9c10565504eec9de228e145d5e85c13a8f8b8b100d3eba15a59cb190
C4,c4/c4/c_4_105.csv,9953321,42109ec81007f5c2430d0be6b101af00ff6e7dcb500ebd68cd2392140b8bba87
C4,c4/c4/c_4_106.csv,9941065,f64c551f3133f3ecd33921a4912641a6ad30d2480060b4ea2af4662a766bcc38
C4,c4/c4/c_4_107.csv,9948909,1479325f3d6815d9728dac5fa96fb146c5784350fe03a1927baa722ddd9989fb
C4,c4/c4/c_4_108.csv,9948317,e5f3cc17c72aacc599fad490128d4cd2b2d32b6a83c88a54dfd2fdcd36b33b5f
C4,c4/c4/c_4_109.csv,9947425,599da00360d9029b1d6366109464655c72cd6a6500d6aad7510bb4a1927945dd
C4,c4/c4/c_4_110.csv,9958091,1104806fc053ef0532da5b5de20cf44f619c7ff2ac717f3cc6a2bbffddf28a81
C4,c4/c4/c_4_111.csv,9954035,f08e2842dca4a78136d863a064af365b4034300bb1e2097682d613d73b0452f7
C4,c4/c4/c_4_112.csv,9964354,ef47fe2f9db36966f3b600eb6c181dd8510e7fdb1565e13318a06a0c48d09c00
C4,c4/c4/c_4_113.csv,10126959,1c22be73c6e32dee49179caca776fdb552eff7c7c0af07dd6813052634270426
C4,c4/c4/c_4_114.csv,9958828,56208bc188d795fdab2fb1c34b5b3b852f9f4ebf43e03a0895283dfc00f1816d
C4,c4/c4/c_4_115.csv,9974857,43faf4e576fde89166169021f81b51b1870c6abf63696971b8b9501622b1ba10
C4,c4/c4/c_4_116.csv,9968980,6f2b74091f72b3b8b3adee7f5816a26025d7ffd5c202ea17aa656dfb0936c9f4
C4,c4/c4/c_4_117.csv,9977371,cba7801e8242ca1707ccaabb0039956e1dff69d38cdd33a8c474187cc7c7ff95
C4,c4/c4/c_4_118.csv,9956435,a6f02f4562405b481bebcebb46ff233d61ff43b720555e474ece1928dbf94cbd
C4,c4/c4/c_4_119.csv,9974383,962360906943ff3515c09640ed00549b0d37e7599b23235197ff6646639cff6a
C4,c4/c4/c_4_120.csv,9960801,e91618c02343970bcd54fab1b71707fd4c3bd2fc3e8ed6ee3e21d23224c81ba7
C4,c4/c4/c_4_121.csv,9967982,0da886c4f558f889158457ddacc3ddb983c4edb0abc571f9e7f8c85fa2ebda13
C4,c4/c4/c_4_122.csv,9962690,2330e86adb5285d41fa02d958f6e4b806f850ffb13a7387d36a3a2930d650034
C4,c4/c4/c_4_123.csv,9964740,4e5a184c7d8e1ca4885eadf2d6056c24a0353e9205d90a56012e66ca0767061f
C4,c4/c4/c_4_124.csv,9976779,1e17825884705480b6dd6406a21f1faba96d1f80a275147deeaa9a40e61f6c29
C4,c4/c4/c_4_125.csv,9968130,8e537e22d627d1a45d4f182d0b2c8dc382929eccccf9a90f84836d9b2871191a
C4,c4/c4/c_4_126.csv,9869355,38ab798ea6ef1d710e252559363fb138d68fbec1827ebae9246823ee6fb83677
C4,c4/c4/c_4_127.csv,9981516,4edfb33e2cebe04be361efd88f3824f301a103cbd615d2dc39e22237b61002bb
C4,c4/c4/c_4_128.csv,9965662,1c0a28b18ba7605d405f6c36cf651d0b1cf30d529da494a3f91289f61f40c829
C4,c4/c4/c_4_129.csv,9948001,1787d611d6c0d43f908ffb9e5e9ec3d3d42f63bb06da9ca8c47a60db77a756c5
C4,c4/c4/c_4_130.csv,9742558,240e05401de9d4399027f8b7bb663c158bafe9598d70625bdd5f36ab7bfd35b6
C4,c4/c4/c_4_131.csv,10006961,781a04b70c328c8e0470905cfaf3f9aeed9163804ad1c1e6adea5e77c2e47cb1
C4,c4/c4/c_4_132.csv,9986074,4f2599c0a9e0c5f9e0617fe195c20f6ea62cc472f195e19542f382e5b7e24fe5
C4,c4/c4/c_4_133.csv,10008387,f357508793db162b3ce4d7c2858c2a4c6fb743e4c14d6641e4517a2b5be6c8f7
C4,c4/c4/c_4_134.csv,9993894,5c439949699c685b2a572233bc8d3416636a0a8aec92c4614a31fd22d6a913af
C4,c4/c4/c_4_135.csv,10016786,9f8a5b4c21527564e766d91ca9a4bae6704a028a5ee4191840852e5d05681de9
C4,c4/c4/c_4_136.csv,10011455,05f3930e5cf75ffcda87ae017cb3c5dc2fc788d0ae16e75158bcd525a14d772b
C4,c4/c4/c_4_137.csv,10008695,b0409aefe933e0f54168d9b9aa15911111f27a1f112a07571ef1acdbb268f087
C4,c4/c4/c_4_138.csv,10003589,60466c425e633211ca159f75b070e1696312c71baf89434152b24753bdfb1dcc
C4,c4/c4/c_4_139.csv,9997094,bd0bf39000a196b6223fa84b5a4bdd873a29c0baa95c3a55e9827abc0a7bdfd7
C4,c4/c4/c_4_140.csv,10015498,7aefcfddc63223e762a35647aac9190e85ff59714c7ecd919b9d1db3a569431f
C4,c4/c4/c_4_141.csv,10013508,9531e945ad2cdcce6e170fb7732a4ba32e45c143f0cc7e8691d57ecb836c2f41
C4,c4/c4/c_4_142.csv,10021268,ae30a1490d09a3696ab1c424c1c8350bf7acdce0a8a6b69d6cba3e8f2bd5c32d
C4,c4/c4/c_4_143.csv,10023590,9c9d39ef6a1ce2ac346dff8ddbb1013beef1474ce90300d01c37067b2885ae6a
C4,c4/c4/c_4_144.csv,10039217,a371f2923147e4d0d746381a03fbca4f079a406aad2f45d3e066415856970220
C4,c4/c4/c_4_145.csv,10034677,b917827a5d2c76a2332982a6a375b3481c1ee8f6afbef1edf016e7299d42e966
C4,c4/c4/c_4_146.csv,10018284,e94132484019e7cd6b4064498bc26d116bf96f403853a9e087d77d8aa3cbb220
C4,c4/c4/c_4_147.csv,10014577,7a4a62b8c8df6bc8d6b3b7c94422235b6fa175bb064d713d2ee96e6f4307ecee
C4,c4/c4/c_4_148.csv,10031846,177cd6adb22dedac8fcbe1100df8be8f7ed696766ede4c09a3c5164f9e840040
C4,c4/c4/c_4_149.csv,10038929,86f0f0c6e5a7746637a749875bb0c471686150e2cc451372aab0ce553ffeb2c5
C4,c4/c4/c_4_150.csv,10049177,cf0e7eb568f738ad4cc0acf946027359b7aef6a4a5ba1093de78974c14a50953
C4,c4/c4/c_4_151.csv,9921371,b93d1bc197d90719078a7bf35a7185f2f2b2724d243e035597f8d27bb76479f5
C4,c4/c4/c_4_152.csv,10038235,5dc4a7e07712bf5c1f1724a677436ca34cf61091c39d401a181f71d5c90a7936
C4,c4/c4/c_4_153.csv,10049385,88442898e30a8cdaae821e390b3bb471721d5e3c5725942a4ec605954c9e3fc2
C4,c4/c4/c_4_154.csv,10055374,f9997c8523260626f3d2e9052a91f13288c8fb1db58a6a674ab6c258931b965c
C4,c4/c4/c_4_155.csv,10195675,21860bec4cbdf79a5527c37cad5059320f1abac7dfc6024560c5fcc81d656766
C4,c4/c4/c_4_156.csv,10052176,a974c2c46f4c51e2aebf4808dd6608d2c19ec15722b0708c94de67d1c546a8f8
C4,c4/c4/c_4_157.csv,10052832,1674d323d96a164e6b62bcb7fe77750f2fe6026f6fb68d551f5b76a968c1bfad
C4,c4/c4/c_4_158.csv,10051103,a9af451a56e813d08f9c5db803d14d6efef4a406fb26808c1e0eb1c31a9b0a1a
C4,c4/c4/c_4_159.csv,10062590,478c6f7987907deee4915f45b613090ce0ca094c1844fcf9903ad95e18d9e6a4
C4,c4/c4/c_4_160.csv,10057883,45ed57a1f25de769b1d5f9db61c6b1144ac5644f68b8ed9d4bdb1813716fda37
C4,c4/c4/c_4_161.csv,10012074,168d00dab8540f4065b9257d57a00f1f4f2cc54f03d210773308572fc0af5d9c
C4,c4/c4/c_4_162.csv,10080981,3f1c350879f4c587d0770e4a3f04b6b5dff708f4281dbdec62b10bd090f754a0
C4,c4/c4/c_4_163.csv,10072069,a6a8392607653715ba54ea7a9d48c281ca7b744fedc84f29ef36c7682d45e62c
C4,c4/c4/c_4_164.csv,10084913,899aaf52f14d202688cdbb79c042bb568103fe78f11160066d57f1a58881214a
C4,c4/c4/c_4_165.csv,10072380,bdb04016dbd8496d62e0cba3a1cdc15e8f4e98d0ac5ad3ebb1a8c025be275210
C4,c4/c4/c_4_166.csv,10085209,0dc703be1d43653f1f0401349147b99169ff818dfcefaf975b7929c490f06332
C4,c4/c4/c_4_167.csv,10075533,b10b391acbe991ec7766ee03024173704b8c298f7aa57ec1f91b532208b90c6b
C4,c4/c4/c_4_168.csv,10079011,bb1cc4ea92cc8c2cf7a5ad755512cabaf773b6543a34c2a70522fdf2b45a1029
C4,c4/c4/c_4_169.csv,10090944,ecafd3d5f8077b4fada435696f2521958c2bafae64097e9c6e65a4d291a502a2
C4,c4/c4/c_4_170.csv,10100195,5ed4939fc820347110d94311bf444a9d608ac16c98be8f22f7a723e5c2f3be24
C4,c4/c4/c_4_171.csv,10089240,18f25c1b449fa8debb9bda4b8db645693e082e3e6f9e9b0636462d4b5290e7f9
C4,c4/c4/c_4_172.csv,10082902,f4ed5d1df5f6e3a79df962d535706f24af396659bcb524511bbe93da262034a8
C4,c4/c4/c_4_173.csv,10101345,ff06aeaa530a3717d5f612000d15a4e1108896c014765b13aa7317728db991ad
C4,c4/c4/c_4_174.csv,10098668,0de0fcafe8d5aedc0c4e17bd0806e8788caab56767a23bd69f8643187138c7c9
C4,c4/c4/c_4_175.csv,10088618,50187351973a703c8ac33f516c09172347db6b0abdfce2643df63fadf8f2488c
C4,c4/c4/c_4_176.csv,10108349,98119806826cd7000ad33482c595b3455bcbc1efd5505490cf42afc3e3073693
C4,c4/c4/c_4_177.csv,10113170,2b12a043e8b48c22bf5bf8ccefa1f99677e6f990444ec3a41e1c7adc614d5159
C4,c4/c4/c_4_178.csv,10112010,32074a03e4901680cba41f3192aa8c3e775348e8a0f6927df16e20cd8a88f50c
C4,c4/c4/c_4_179.csv,10104474,24161a331766aa0d0eb73aff576d4c8f66ad0c9dc0d7250ade3b27367d3e504d
C4,c4/c4/c_4_180.csv,10102247,ab37df39f470935f39cdff5145c146d09378b92fdf44a3f2ef996f15fe40ba69
C4,c4/c4/c_4_181.csv,10119986,edd7abe30b6d061455620b63901c0ae0cd22c45b0d35ee685c2bbe783357c1d8
C4,c4/c4/c_4_182.csv,10122323,423edaccd5e99728df47ba59ec1dd1ceda9e8206b45b4a218c17416f3fd2fedd
C4,c4/c4/c_4_183.csv,10111792,b7d9658bcf6fc31f901e8e32da018d1208aece9a689e56a53c7d3d8d7a121ef8
C4,c4/c4/c_4_184.csv,10121989,9099735e9cdcf822af5f7481f9b7938b0d74cd9b519170b055269025e93876e2
C4,c4/c4/c_4_185.csv,10141246,e6fc80c83635685705b0d5172c1ead758bd767b0c7c84eee40fdf21dc95357d4
C4,c4/c4/c_4_186.csv,10139445,723874eb62e8e2931fe4aa2a5c16f7cca68a2b6ef3b374ae29ceda4a8376cd47
C4,c4/c4/c_4_187.csv,10142836,5307ddfb26b06720fdf0308989d0b85986760dade23a53ec7492d77e0f927d18
C4,c4/c4/c_4_188.csv,10130486,0ac98b48d6306de389fc46b305901af01ff19c3d694c59d6ac24aff01a29904f
C4,c4/c4/c_4_189.csv,10142200,f83081b753d454b7c063c2cc37c5fe9df7562371deaee19a6c98cd7b5a06c624
C4,c4/c4/c_4_190.csv,10144381,e7596f5608da267c522743660f32b6af4a6d9cc80a46e075c98d11add917b6df
C4,c4/c4/c_4_191.csv,10145247,2829eac280352e0719f61e5b67350efb7fa4158af294b9b39e02ca59b886c89b
C4,c4/c4/c_4_192.csv,10150280,7f48b4c21fc7cb7088d7d236d5e0931b422e987a5d34a74ace7f4d413748c99e
C4,c4/c4/c_4_193.csv,10159596,a9e373d37b8da50e8e7058f8188267a93f49db5c461bddd91da1b9f0498d6f2c
C4,c4/c4/c_4_194.csv,10168921,5ebc8eef2bea3cd573f051de9b983d54eba5ce6fa179851c93c49778559a4c00
C4,c4/c4/c_4_195.csv,10170153,73fc1010da629d2a934cabda7698a1f4dcd1959926ca080a53c8434fce3f5872
C4,c4/c4/c_4_196.csv,10163896,db480a2b240690d70071c19e54a50a965d42905c2efac8f9499b906066ec8b1d
C4,c4/c4/c_4_197.csv,10181069,08a6a27050fe47cee2692e3f91b8efd979ca1341c05ec06428f3839e198149b1
C4,c4/c4/c_4_198.csv,10406293,b38400ba3e6af222032a287be9f773800a93b2bca83702de6f16b1ac2e0e5e90
C4,c4/c4/c_4_199.csv,10165272,2db29cf8617cfb30651c2c7977727d92a3e6237cc89be67ac35c7dd45cf3f659
C4,c4/c4/c_4_200.csv,10177433,009d546836fe9df1c7805ae835ac40d1d6e7bf157504e8d56f656d3179c9812d
C4,c4/c4/c_4_201.csv,10178130,3a42489927e97a3c41808a1f8cc078227d9786119155e836d1a843d0190fca99
C4,c4/c4/c_4_202.csv,10273132,4d3b0b6055617b242b4e5025498d9ab02e140b2b40e9ec426f5e81d13a2eccc3
C4,c4/c4/c_4_203.csv,10178999,6caeb4959c6e7656da945a0485591c7e2fb8c037a550ef8f13c25bdbf556d72a
C4,c4/c4/c_4_204.csv,10185222,bd80a2b7d225f83880bf9c6031ab1552f04f571277ac5c81d85ef875ec45dbde
C4,c4/c4/c_4_205.csv,10168803,f1c62505fa18e79e89ce49b04804d6679819f34c95ecf01c2d2ccd8663650ee6
C4,c4/c4/c_4_206.csv,10193192,b2a4abfb4e7af864c84c144851bc5b93277f9c2a271a42bd469787baa91e3f95
C4,c4/c4/c_4_207.csv,10174887,756462a4f3e4c96feaeb0521d8f08135915eda43e54f36077526d84d0b0aa9df
C4,c4/c4/c_4_208.csv,10182808,906fc109eb1ded3749466eca154a7b1b762a49ef6b86c60f7695ee1ff631651a
C4,c4/c4/c_4_209.csv,10193636,2916146d0feae76c3c95460b63e7f11f2e245ccf8c720f2f54b2be02600e4972
C4,c4/c4/c_4_210.csv,9927820,6a691bee7be40841f01624987e915f581a040c8eb75e066028e1953bd962b28c
C4,c4/c4/c_4_211.csv,10191790,a359035e23e161e341426279e03dd9a0ff05a24d2c6f4da7af7f3a79482ebe09
C4,c4/c4/c_4_212.csv,10196946,981241ccf3ac81f94802a920e11e7d7844d3aff28f1859b0953f8a7e6745863c
C4,c4/c4/c_4_213.csv,10209807,2fd955b777f65a4e9422b3efca869c56245558d4cb8713c711203cf7454666c3
C4,c4/c4/c_4_214.csv,10065691,3e0e5f3347cba652f0321cf7cc93ffe7b4d39c6fa312ea40b9d3b37c4abb133d
C4,c4/c4/c_4_215.csv,10188435,07fa5a115f455efc0876c72f5f28a19ad28cbbf987fea9df36503072d33bfae7
C4,c4/c4/c_4_216.csv,10188208,c07d22c6b66932e930a1887e33520e00e769aa9274ff9628ccf0f509bf44d5ad
C4,c4/c4/c_4_217.csv,10194632,b4094b53dae8a0547be51c07d67c370f20d5482b272b176364a264c0903d2e73
C4,c4/c4/c_4_218.csv,10106579,0fc753c929470dabf616748229d611fce66b251be98a893c23dd7d68ce6672b2
C4,c4/c4/c_4_219.csv,10207182,b96e86b2d7a9922e236a0a5f7f2af1b099a9134b0d65dd5a19a8f7c272ad1680
C4,c4/c4/c_4_220.csv,10216630,aa11ac20a4668f9929496de99696baaf929e31bee3242d9235b209138c1afedf
C4,c4/c4/c_4_221.csv,10195767,33af8a5e32dc248509026133993f3cbf0c92279d547f4fc4e9cc27da2df1d187
C4,c4/c4/c_4_222.csv,10222392,8d28bf7f919fbb91348c35a41ce4eea7b3c5d0f5ee6938de48757ae67e1dde75
C4,c4/c4/c_4_223.csv,10226278,167834b54c497e70751eab66ff1edfef58138a556ca2ba4fbd136bdaffcceef0
C4,c4/c4/c_4_224.csv,10218946,c43df8a58fd1323a020b486ea28359ba07b88f1ccb5d5921044405674ab055b8
C4,c4/c4/c_4_225.csv,10339351,9e860117e096ce4bc6395b13cb6b150aa49f76001bba471bbbb4094413a8c63d
C4,c4/c4/c_4_226.csv,10242878,9852ced6d47f19633e2305906d3590cd690c0ac4ed91dccab0ce14209c3fb00f
C4,c4/c4/c_4_227.csv,10258754,9d1f40c9a741577c0bdec59f1e7d2a9bf516d85ec8c2d2e1ccc5948f283637b0
C4,c4/c4/c_4_228.csv,10230239,8448f02860b177e42e5c0074d2c0a7dedda36fb8d34581ad85e0581a62dc4b16
C4,c4/c4/c_4_229.csv,10248600,d560d46b9a5fb41287a4c8e03e44851ef27423b4b97f9abbe03e44f617ae9b3c
C4,c4/c4/c_4_230.csv,10246987,4f50ba0c75d4e9154ba8150629d822763c73ce40711b91dbd686d957b917cbe3
C4,c4/c4/c_4_231.csv,10230330,5e49f680fae082c5b2d6251d7f85d8a33001b4092929b4bd7d54527bbfc3d99a
C4,c4/c4/c_4_232.csv,10246049,99a18704e654eff6ff24be085b851a82e307862f3424ed9a31f02e2d6fd2d613
C4,c4/c4/c_4_233.csv,10248744,eae1ffe83aa8e948f667119899e85c03dc49773802035f4da9c4ed4120a90da9
C4,c4/c4/c_4_234.csv,10235962,cb5891b63b63ca749ecb606851cc1944df342ee34d0915731573206be7e52a35
C4,c4/c4/c_4_235.csv,10241524,2fa9b10a71ef87885342923261616fd8016a62f5c156627bce513dd472c3032c
C4,c4/c4/c_4_236.csv,10234601,c1df1cdb23544601d25161fc260120551f42e55571b10a5f3aa555ef1e80d676
C4,c4/c4/c_4_237.csv,10239769,d5470c00636ab9564db7f49507b9c86e93f74c54a49b5179d794b06820986de0
C4,c4/c4/c_4_238.csv,10255441,3862998ba68d001ec581b5bd9cb6f3a888ab24dd1fa774a8426e4f28f18bd50e
C4,c4/c4/c_4_239.csv,10252362,476a69f5c74417d8b73f77beb5191fb16e39273567840a94cb4d029287b66884
C4,c4/c4/c_4_240.csv,10256101,83db4e29a4ef955eedde738c81f2c1590038485923ba2e2a57bca31eaa92a74d
C4,c4/c4/c_4_241.csv,10248358,095edc5b52bfcf1bc5e90c403076e40307f50ed9cf1bbce5346796796efc6d64
C4,c4/c4/c_4_242.csv,10263437,7f9b8497bcf1e9d27462be87876af49ee606bc64e4bcf67dcd73f39bc60724dc
C4,c4/c4/c_4_243.csv,10258343,1069e3d02db6063553fe92b56da7e3def20fd640f356f2c59e7f8dc7d01bbf74
C4,c4/c4/c_4_244.csv,10265381,92f7d881d28f238e6867ee9df8cc01fbe8d6ab7e9da1f81b777de5229cd58a43
C4,c4/c4/c_4_245.csv,10252449,30380987f3aa1a1aa6b901d21196a2ddd493ed92a3609ce799c3fa3d8020b98d
C4,c4/c4/c_4_246.csv,10255854,a840d46325c49bac9b43790e8028f7ceea850e798ade8178a3c749e1a7334061
C4,c4/c4/c_4_247.csv,10255800,b67ef90d5c0552f1362d8c92d3b1d3c0668f00ff55e257be4e8b59241ccffb28
C4,c4/c4/c_4_248.csv,10255356,1051f2e2fad46ad5e4c9c0dfe6f23e2571d69bba4a6070f0846ee2f57b991e5a
C4,c4/c4/c_4_249.csv,10263952,af82b50610a3d2926abccfea2206e13dba43e1e20f46134c12f7c117b8a125eb
C4,c4/c4/c_4_250.csv,10140876,65fdc1ca082b4d7e1867b72d63c4b03d2ca5e4785c597fc6123f01c4e8dc815c
C4,c4/c4/c_4_251.csv,10258275,003682fe51b54192303961c5a03ed633baeee8494b5067559218c064d7937b8c
C4,c4/c4/c_4_252.csv,10266025,33956f3b5570fd6e532f378c5ca018da85be2922e7801ee7b965036d9901e31b
C4,c4/c4/c_4_253.csv,10258191,225d0f552319d23a6f17828bb083af60564531d192f5b0121ce3edd23ecb2d3c
C4,c4/c4/c_4_254.csv,10266534,6ba06af1162e53ae63858b9cdf68b0059f687d9087aede127928412eead44d56
C4,c4/c4/c_4_255.csv,10264739,261044446b7143c0cd057509cb421e0a9e388e377ed884381424c458cbe92131
C4,c4/c4/c_4_256.csv,10267987,9dbc1078cf026e6b92e115ede85c3544ffa920af4490f9d3600f7df5c9b82a0d
C4,c4/c4/c_4_257.csv,10268132,04efc886496fbc80101bdf394eb03feea5606553e9b922a0364d2c453064e41e
C4,c4/c4/c_4_258.csv,10299879,cc01d002c9a2fb901924836cfc158c54043598948af1745d2c8a95caec17fa1a
C4,c4/c4/c_4_259.csv,10293374,6f43e3c6e7158aa1f343fd15d9c878c1b2c23cc90ce38b7e870c5828d371c065
C4,c4/c4/c_4_260.csv,10290478,9a34f96a8a1708a2d01690745725680cacb36996842947b1b8c2ae99ab2b1c76
C4,c4/c4/c_4_261.csv,10304246,966499c6a04ee8082a14f25639b844dbc9dac1bdd33d722e2e860dbdfd79e864
C4,c4/c4/c_4_262.csv,10308538,f18a8ce21ca79f6ff5cb94b50c3096dd3608a137ae38a5a09c72d7cd83604f94
C4,c4/c4/c_4_263.csv,10317365,8900b83f8a156bba0e780c548665fee5a84e9f93dbd85ad8ee57c68126b16d93
C4,c4/c4/c_4_264.csv,10307549,8acc3afcd0f18c20c61d248b6a678b45890602bda6154449cf456835c76f2a61
C4,c4/c4/c_4_265.csv,10554791,a4e53398af664b1c7bbfa99259733e57dc56389c58f4f12ef962c148de0687ac
C4,c4/c4/c_4_266.csv,10301892,2e042055e97770d5333481c40528a540b9e8ac94ce7b90bf5cde342140bcb491
C4,c4/c4/c_4_267.csv,10311192,5220266431eb6c3e320ba45d2abc3de7c9986a8e6b20069eeb9cba188c98d77e
C4,c4/c4/c_4_268.csv,10302368,559d17ec19c7dab1e350721204cb2881ec8f9294b229d4ac7d98057235b17316
C4,c4/c4/c_4_269.csv,10124561,d350f8eb23dd4def32ba205af6f4498bc04beaa60c15ba406f4153b90a661675
C4,c4/c4/c_4_270.csv,10302193,ee17769ece35dedf8ece50ccf0858ca04bb1c2837514a069ca1e16f66f9550b8
C4,c4/c4/c_4_271.csv,10300246,389e8d1927515be12e55c5e14c9ae7cb09aa6a512badb00aeb48b3ca2c03ad9d
C4,c4/c4/c_4_272.csv,10302391,84de8651bea3cece1e4326d9dd9b6150ea8626c7a49c9b1b2f994859fc6637fa
C4,c4/c4/c_4_273.csv,10309183,a84c1bab71def550c1c077affcb6c745ae7c7089908b7f8e36019ca418276f73
C4,c4/c4/c_4_274.csv,10303686,d5d5856bffb7b212e5a6d1607e1f241be6bf56ac44f8835c4707d510e0993743
C4,c4/c4/c_4_275.csv,10309817,2d5d7d16544f1dbe7df6c0bbab1280a94fe67b606ab4643fb17461c634dde47c
C4,c4/c4/c_4_276.csv,10311052,c1de8e1c253f4adfec4656c013ff7f44e7fd76c5fcc9a85e50b9cdcc53d71228
C4,c4/c4/c_4_277.csv,10315697,c06d5e4d1e5c4b6ea03f8183ca6a979936255ae48c2f123d2c725a1116ddcc26
C4,c4/c4/c_4_278.csv,10309298,9d983aa61ea05e4d188d521654901b16e0a740526338304060a6adda638fc892
C4,c4/c4/c_4_279.csv,10309687,6815ee18123129468dff844792e765e3dd7e200b42bb17ec7dd5ae87c3b49b09
C4,c4/c4/c_4_280.csv,10302342,5c46cb2bd04f4e4ca3774feb6f69f1889c7b43fa39e68bbf5e4d53eead22a8ef
C4,c4/c4/c_4_281.csv,10307785,111a6d1a7667898301002c35263b4f93008dea95dfa94d8999c81cacfb17ee8c
C4,c4/c4/c_4_282.csv,10308514,1017f9fd3d798650bd9238cc15c351a66be23012bed713ab96f8b793c50b3a31
C4,c4/c4/c_4_283.csv,10302821,cc5a0573a8a501ec54ff700a797edec3f1a5b0b8d8c3eab342bc7a2ba5b38419
C4,c4/c4/c_4_284.csv,10005707,cd55e099dd493555edb20a2de21f3883e3b25004975d6908f9616b288bbb20df
C4,c4/c4/c_4_285.csv,10302363,f44ba91ad36af78c3b60a34f4da2f14e9ffffaf5b1a9d0c49e8c11058b98ed40
C4,c4/c4/c_4_286.csv,10291907,13e1636bfc3512db612331a9e86d9a3b0ec3613385a1f78e464f4247b1f58c6a
C4,c4/c4/c_4_287.csv,10305847,92c645610532516b1978ab95fddb5ea18da12d788dea521727b6dad165a763aa
C4,c4/c4/c_4_288.csv,10306984,79bfeacad4db87797059d84a4fd49422e5aad5af7dc47ac1b757c262e344c5f1
C4,c4/c4/c_4_289.csv,10315778,9716eedc21e13915ea6a1c2b49e521d876084b6d389ca05fccc7e30f231c335e
C4,c4/c4/c_4_290.csv,10311931,56593c14ddd2cab71306c39f095000bba1ec32a522cc1696283a83484574500a
C4,c4/c4/c_4_291.csv,10329164,18e8bf9ee123ac31da668fd653a293f72fe35423dde16972aee8b0eed00d706e
C4,c4/c4/c_4_292.csv,10331612,37fe218a779e2748b24ec73d0a9f5659e8152618f5d392e0377a8e988d03d1a7
C4,c4/c4/c_4_293.csv,10556542,f8d2924b6994e92c01a829f57291622dffc9c8601e7dc6edeceb857ca083581c
C4,c4/c4/c_4_294.csv,10325669,81ba08a616f8f457162bee726cce01099fc6ba9f124703d885e82a8ee1b602df
C4,c4/c4/c_4_295.csv,10324944,7c9e60a1a5c9ac6e52490d1f139a870de91c37391768c6527bb3c811aaed77b5
C4,c4/c4/c_4_296.csv,10327680,7a9c3353dd4bd50d4b28a1f995daebe3cad96a9665ea6a7e651856293e14f84e
C4,c4/c4/c_4_297.csv,10219186,498661f0f19cd4595a9ec2f61e41ff85106f3d1a8eaeaaddfb3120964a86577a
C4,c4/c4/c_4_298.csv,10330182,f10cc4436c4b04ead361b03821a48d252ebb587c1ef2fa5ca34fd7c830e3954b
C4,c4/c4/c_4_299.csv,10339067,ef088e567a6bd788f67261771d6acfe65e40b06ea50e4f8ffbb0e08aaf94c500
C4,c4/c4/c_4_300.csv,10331628,ca169c0bfa47dd1ad55b17ba3edb02a94ecbdc153b4ba1291397857ac46c53f3
C4,c4/c4/c_4_301.csv,10327240,6ec58c2287fe047b9abc20f2dffc22a8a0800894b5c8c7339e515268eb8ea145
C4,c4/c4/c_4_302.csv,10334915,fa65f8ee985f98c252f4eaaa32acbe472d8ac37f39658c85d12a27011cb618ff
C4,c4/c4/c_4_303.csv,10323472,ecb2d71943ab7f74329406ee834f39ec85c17d6eef91d999f492a9bb7c4a8244
C4,c4/c4/c_4_304.csv,10320662,9bbfb7830358ceacbff52d8d8236281a073034a2c18000da56557833df2af110
C4,c4/c4/c_4_305.csv,10316023,b92638b4871d06face12cbc2bd4318c4d2136fe20905c4814e608dec2482d2d2
C4,c4/c4/c_4_306.csv,10320029,719b3fe91807220c7aa2d973364ffdefb07b18769b90a25ea175eafca6272957
C4,c4/c4/c_4_307.csv,10318388,3317d0f414cded5c12911254dc39b5403636b689ec66958535dc29ae48661979
C4,c4/c4/c_4_308.csv,10295840,b68b79378fcd8974cf6d0bce7000ea7c075c181a8168b38720247237fbaa440b
C4,c4/c4/c_4_309.csv,10284353,4f54fa2d6a52a5ede5d2be593b52e293351ffc18979a3af3233610db5c95ea9a
C4,c4/c4/c_4_310.csv,10264258,6a70d73eeff729ea56b84bad9ada82651c6592cb43f4cc6bb45c3b0775955359
C4,c4/c4/c_4_311.csv,10254569,1a156a0bf86a453400371118533f8f02499e24f6470512712538edb9a26c8ebf
C4,c4/c4/c_4_312.csv,10246570,6613ed5d596be45e57d538925c2e665d8a57573e878beb0b272a522ded5ec9b9
C4,c4/c4/c_4_313.csv,10261627,24812e3aeacaeb78ea1ec2c97ee07b08e4cb7b4fb86f81fe5c0c99cd29a565be
C4,c4/c4/c_4_314.csv,10255586,80c5850b294d5bc16658a3d153d66f8e3113d1226c2f2588a64b3a83917d72af
C4,c4/c4/c_4_315.csv,10244353,b4129c508b26739700845cef13c3743f31fe6d563dea6f512b7247ef79e9979f
C4,c4/c4_wear.csv,12759,91e9a1bc720a9282f7dfd7c80c95ac22ca396166398321a8bc100482b4995ecb
C5,c5/c5/c_5_001.csv,9086053,91cb1cbe38c5c175a4ec607099bf7be8bc10bad04a700a900378f6d91de6961a
C5,c5/c5/c_5_002.csv,8019169,3fa7eec6de4d0543c0c4754f0af1c97b39d0a3102898dd24683d4257adcd68f2
C5,c5/c5/c_5_003.csv,9485446,5d1fd6935ae832f86ed60d259609bca2a9b24849837692fe6344ad68ead3d3bf
C5,c5/c5/c_5_004.csv,9628243,7ad897c1c33d778e2e6466dbba4e0408aa35b9faea0eebe54a4ed522c7553318
C5,c5/c5/c_5_005.csv,9650282,72d7a22817c5b3a928fd3e802f7e8565bde8f0309a2736d5252f29ef80fa6846
C5,c5/c5/c_5_006.csv,9124243,ed9f6810db4d1b7b5228ae38a9e346afba5e3b0aff7ff4543c2bfc4cb497971b
C5,c5/c5/c_5_007.csv,9697228,8cb7c8f8bd44e5e1c79ed2824b91c40aa30f7998ac896fabe1f33a5ee33bac00
C5,c5/c5/c_5_008.csv,9693577,02394499978778075513f87e7de0e3b88385466a1f859918fce74d82d41a7c95
C5,c5/c5/c_5_009.csv,9689967,99a219d7c95aba2577d63d47a4e14b49eae6abfea3d78fcec8e235990193f0e4
C5,c5/c5/c_5_010.csv,9676479,9e65685f8e82ac6c93b44793ce543d51f52df6f30814c7b2108d3343d1088045
C5,c5/c5/c_5_011.csv,9618430,0a1481fdd0b26ee438bd7a8e1577bf4f4f94dc4b88c42cb5fbd60072fa51c65c
C5,c5/c5/c_5_012.csv,9709071,857fadbb6736163120b3804a520fdd8c42dc588f97f0491f266cf9df06ee908e
C5,c5/c5/c_5_013.csv,9725373,da5c79b5277cb880fce6ec956b90554d46861c8372e5119ee0cd8e86da163645
C5,c5/c5/c_5_014.csv,9707563,f76e14a1c9a12973d9866816d47470983efa35074cc3d947cd0ad4ecec620674
C5,c5/c5/c_5_015.csv,9636670,e305f215fe3d950889b54cbf79a9dd5418a2d71ee1653553ffc7e168b0747a8f
C5,c5/c5/c_5_016.csv,9736160,72ff555d24812a79229adbe5b881735b70c77fed6e23c5dd3d231178b8c8b7ce
C5,c5/c5/c_5_017.csv,9729443,d208428029e6ebbb97c9b6e70269500d44daa708cd1345de9f4ad70116efb4df
C5,c5/c5/c_5_018.csv,9714840,0bdb1338dd3ebcb2c950b80d617230a1e1b0ab24290ec19bceb63192d9e6fb2a
C5,c5/c5/c_5_019.csv,9705660,0f32946aaeb4134037ae3b1e73a2f692edd5f63da31b7d5a6169b8c99174c220
C5,c5/c5/c_5_020.csv,9709244,31f8b9e1d2951bf8d3ecb772c52ed8d102de7a01730e0ea0fbc91e28671b1a0f
C5,c5/c5/c_5_021.csv,9703686,64b186b3420d93cd9919f31f48fac200a70cdcd88556fbcfbedc0cd3868f5c18
C5,c5/c5/c_5_022.csv,9708052,1916aadbff34fe437a7abe68b6344c0636016ce4ddfb8b72adc7bf2be5820135
C5,c5/c5/c_5_023.csv,7271792,be8086c3109daa1f401066819147b7b678f50667679496671d0ae6696084c7f9
C5,c5/c5/c_5_024.csv,9816005,0530d212d66710fd4526a1a3958ea25e8a4575b679da6df050262a21658b7a4c
C5,c5/c5/c_5_025.csv,9934734,97670c82fcf7f16de12fa7bf584ad8bc90c78d640ea91d1b92b9487f7b3d2654
C5,c5/c5/c_5_026.csv,9927927,894be08a0132fe6bd5093008c87d5c0cc6c48d14da83e64108b4fe1688f43316
C5,c5/c5/c_5_027.csv,9920721,983b2a1d1c484475f56f4bc1112c47ffda2a628e952febaf26c6609d8ec8762d
C5,c5/c5/c_5_028.csv,9917404,bc1c0c061ead93265ca5e50dd0bdc6bc6cccf7f72a9f2cff32dac3fe37e6e68b
C5,c5/c5/c_5_029.csv,9919222,c51da545a533b917a2632b3e9b36ed6194dd6cd10a45495d249bf3d7c6a7944c
C5,c5/c5/c_5_030.csv,9915299,91793b4e34656315f1550a0c99e9cc79d1deaf4d2d21ba2dc73639bdde4d4db3
C5,c5/c5/c_5_031.csv,9916081,5505729516b625a3021c035e6239fcd040e21f24b7dd7dcb6927a025ae26947a
C5,c5/c5/c_5_032.csv,9917721,ac312954df99a10cf1c5dc768bb4995953711dcd551500fa6d7ab74d2d714267
C5,c5/c5/c_5_033.csv,9912462,1a475e56a3396e70c68684b395aae0d6e1bc39d7d7a51d07c9ae9764f411f771
C5,c5/c5/c_5_034.csv,9918286,a2a092f9ac34f5b860eeefcd93e65da11df0f65ede2b926010b67fedf5815ae0
C5,c5/c5/c_5_035.csv,9911009,79ae9a7694b8b21fe4b1859f430bf74d047d5d384b6d1050abd9ca3df75bc166
C5,c5/c5/c_5_036.csv,9914938,c1f8d6360f540d09a122e198a3df5a47a2353d0e6f7176c41128e5fced2b6601
C5,c5/c5/c_5_037.csv,9923335,6a79876ebbd48ac1f199a056a62db943532020427f1f0313434af19cd2f6b676
C5,c5/c5/c_5_038.csv,9923302,d96ffb63e52338c11f7d9111c55c5b6e1c0c3bebe15eb82ab88834190dcbf76c
C5,c5/c5/c_5_039.csv,9942106,21c818921e7e5b5a5616ad15de669c60d0c79d4054d2ffd4d2111d927b3bc032
C5,c5/c5/c_5_040.csv,9925155,100a0b0ef0dba259adb26122bc4fb0a1c175ed8c2b18a79982b7b5a01c620c4f
C5,c5/c5/c_5_041.csv,9914381,5d020cef316a93e255baa65fe21aed827ebe14877991096247942522d06b295f
C5,c5/c5/c_5_042.csv,9917087,b03da8643ab5457f228d34af122532581957526020e857f2805d2b4d27e3cd49
C5,c5/c5/c_5_043.csv,9926240,3f2d02b0bc1df27ebd1ab99bb7a5a2c10b219a6219484baa576c3d6d8a06d8a2
C5,c5/c5/c_5_044.csv,9920257,3570420ffd42a5bab08484d8a4eef8bb4d0843c7eec5ae91016d4a6a2aead0a3
C5,c5/c5/c_5_045.csv,9920618,a38e1010464d194b0ea6243f8437e3ce52c71101efd72191793587d984c85120
C5,c5/c5/c_5_046.csv,9912297,93d83334c4dc02a5985af240f2cbba43b907a3ccf909f2e643e3789aee3f7b1b
C5,c5/c5/c_5_047.csv,9918290,892da6eb622403d12f8e8da39476fa32f83819c6bd7f02fa414af24f9448b2d1
C5,c5/c5/c_5_048.csv,9915097,c3d722595550643e36b8423eec4894dfcceb6d17492356cd7afb3d0328340421
C5,c5/c5/c_5_049.csv,10078705,21844a6826a6983453a6dc351c0743de2437d6758459bf035ee0b71922c29e5b
C5,c5/c5/c_5_050.csv,9969326,529eaa730579dbcfb4ccf4379c9b0fa81536fe59f9f402a022b59b1721a4a103
C5,c5/c5/c_5_051.csv,9918711,a6e43e4c3a4c4374fb8a3d15bf305c8a236774966c73bd8cde496e01c768d3c4
C5,c5/c5/c_5_052.csv,9916439,c6cd18d60aa00db3550c84401eba86b6891baae4866c1ddc4039c1f976844c58
C5,c5/c5/c_5_053.csv,9914682,23754070b900f4e38b0542e3f42b846129c2b4f927d433db3e30bc550387ec52
C5,c5/c5/c_5_054.csv,9919653,365b3e3f7e5a6b29a41b3d90605a6e755b0d763729a976a457ea76fceae7490d
C5,c5/c5/c_5_055.csv,9918951,49ed1e9b9900dbcc623f18965bfa3c1335c7c65e37cf5d54f7bc9e05f34428a2
C5,c5/c5/c_5_056.csv,10157912,28e128228409ae87fdadf6110e15e35c636c79801168844988c4e92b9673291e
C5,c5/c5/c_5_057.csv,9797596,5a40ff65cba72f826f5de77862540829297f53d5f9170abad190df4d44d6a1fe
C5,c5/c5/c_5_058.csv,9817296,c36a8b74ef57ca09aa596b7d7968b45d03d4a54e9c376bec15b09371a29671c2
C5,c5/c5/c_5_059.csv,9795134,7bcf16fe241361ea6de2c9ce11c75d1af40954ae6ad840fb73c087446ccba8ce
C5,c5/c5/c_5_060.csv,9808206,91c9a1dfca2101fa041982a053a59dbe30f20bc8e6e2d8adca99073f2358ffce
C5,c5/c5/c_5_061.csv,9840088,8e4c95d2fe92bfc4e5d8a073ce00babdd494af8024d49d200c64bac6458516c7
C5,c5/c5/c_5_062.csv,9842751,82bb9fdfb7fb1a9ff1d5234d95b23806b59f2077d9deb3271d52ca308dc50c26
C5,c5/c5/c_5_063.csv,9857377,206831eeaac67ce7c1098670f98bd40aace6c2f80441e1b43f3dce8a231d1eae
C5,c5/c5/c_5_064.csv,9824772,99a5aa9f017f0c409b279526273f978ea4adb5cfb509613849d85dd9bfec4d88
C5,c5/c5/c_5_065.csv,9785909,d0d073e0b3619abffe51749bc2f982b2e6213e848a8dfb18ef96517b1cc6eaad
C5,c5/c5/c_5_066.csv,9788775,afee8ca3de674b8868e754599e4a38fc6092fbc7cd46264554e2aa8a566401d7
C5,c5/c5/c_5_067.csv,9792802,99bc4ab0d3eda410d9a917281bef950e9829a00734716a8aa41ad40f8319cd1d
C5,c5/c5/c_5_068.csv,9799267,2ef99abdbe6002f5b12a47c654a916923a9ec857a46a9e681c217524f5226b5a
C5,c5/c5/c_5_069.csv,9796797,9329e81b541b7be3fc8811127a0ae97832046b059b67c61f94b07ce56304b1f5
C5,c5/c5/c_5_070.csv,9802355,a5c58f6744adc54ab30a4893d3944cb76a8438aa9a1fcd2bfb70ace4c99c0767
C5,c5/c5/c_5_071.csv,9798482,9842cb7abfa2994ea500572f558aed201d60251007bb2ee9daccab7ff7588952
C5,c5/c5/c_5_072.csv,9808529,aee6663521d0f6b3fd1dabba1aedc3cf8f45002ebd7badae5e4bb131a06ead57
C5,c5/c5/c_5_073.csv,9802924,f2a42f71968179d982987cdbc14f271641b35a0ee63473e47df33ed211699589
C5,c5/c5/c_5_074.csv,9804514,3a6f5f46e413ba79f2ed4a5ba30ac8501c096e92d54b19f6e81e6393db21019e
C5,c5/c5/c_5_075.csv,9812841,862cb8bc3d7ca89aaaf2b97b07fbec460852aa574a0063d3ae20c04cfa0418da
C5,c5/c5/c_5_076.csv,9809392,96999a0ae6f37cc2eb79c3e99da844d2c57f419354e64bdd403a7b02b260ce2f
C5,c5/c5/c_5_077.csv,9813424,1c4a5523aa55b32160def4064ad122272a86d29e0b5cfc2efbbc5b7abd53c3b0
C5,c5/c5/c_5_078.csv,9824310,0c77ccdd43fc2f833cd0539905066ed58813aec11d066479787df8c082786a79
C5,c5/c5/c_5_079.csv,9819196,893e503f62966c865b8dd9ab6ea2bf334b3bed22613e91373eb4738ab1c9f4d4
C5,c5/c5/c_5_080.csv,9726772,7b56def0a5635fff75fac250bc4c85a3b0fc2297a7af3b1402855ed7753bb55f
C5,c5/c5/c_5_081.csv,9829139,a24762b030d33cf6770f9a7b6c8f62e22eec65745eb6c311cdf73a9dfa4fc4bf
C5,c5/c5/c_5_082.csv,9826104,ac01a5a478c5aef289fca834c93fa39e9ad87772b4b94471642839d6bd09543f
C5,c5/c5/c_5_083.csv,9826568,109993fb2098ea910f003fb135a429eb7ed5dad3f01565e4cd9f4c672c1a76e6
C5,c5/c5/c_5_084.csv,9830885,28852a0f5ba8fee5c025f94936e3c3c34680d329e5f1d4d83a760230d0f6ba63
C5,c5/c5/c_5_085.csv,9835686,5bd566d6ff5fa985f9a0993d8f0770dd30893e77499d2a2087661841ae3a7d20
C5,c5/c5/c_5_086.csv,9838977,4981c520c90bc8ff02d8281c58d1551451a8f1f7d9788307cc63e43691f8b612
C5,c5/c5/c_5_087.csv,9840112,95abc92b338208c732a37319af57b9ffbcf63a67e4b764d37adef2a009e84f9d
C5,c5/c5/c_5_088.csv,6408335,e7d2474865cf4596313c452ceb58d07129cf9a68cd643cd5e66391b8c405b937
C5,c5/c5/c_5_089.csv,9874185,e1a583f0bbaa10de19c6ef6c01e672b9d8f62c34f64add4579b4ca3b79597918
C5,c5/c5/c_5_090.csv,9857550,984c372bc4e8a667a1b9eca8c28ffdd54015bbcfefa64f385978b0860feb856f
C5,c5/c5/c_5_091.csv,10028085,62185818e4cd460c9b395896dd478e702a56c01193393e419671a38bb6e2ee36
C5,c5/c5/c_5_092.csv,10027865,0d62890d7cc6bbfa58e74b0b07c855a663081a3f0a54db71e8af2c8a0cb49018
C5,c5/c5/c_5_093.csv,9982945,2428640ce8a202fcf37a227061d42269ccf317051d99eb57f23494d13ef4d2e4
C5,c5/c5/c_5_094.csv,9927404,f9f81c54814d99fed1f1a73999aae1cdaea870612abf84d54abd9f931ef64de8
C5,c5/c5/c_5_095.csv,9904076,53836c94f5c8584f128894e8f0fdb885fdd8dcd513a41a344a2ef94754751052
C5,c5/c5/c_5_096.csv,9917702,6d2fe35eafc83330edaac69737e14731fb54319801cfb23a97d5fae0fb452a50
C5,c5/c5/c_5_097.csv,9879796,4e617f3df6e62c881086daaf6548a3d6e59eacb020ae5ef496eeae9579500d7b
C5,c5/c5/c_5_098.csv,9884447,e2e6da67aec40b2a5437753216c8c5b3cbbe586fd6b703da334c04a27ef83da1
C5,c5/c5/c_5_099.csv,9897923,a0ad2c57196e0bddd8fe4cf8f7710f94e0b18bbab3b16358151f8ab494005541
C5,c5/c5/c_5_100.csv,9902733,9d4624d1eb5b075689e285393e7de9652117b57c9a4346e3ab20e508e9d91bc1
C5,c5/c5/c_5_101.csv,9929546,910e2be8411cafab64af03424ac7d7cd1f3ab7396164f46fa64f74e8c87f15a6
C5,c5/c5/c_5_102.csv,9898795,b7972da7f52b5b8615be893d10428288667eb2232ee149f7e763a364da8d6ed7
C5,c5/c5/c_5_103.csv,9871510,6be625f02f7ed7017bed7d7eb8f4a9cd9ec3d30cbeb079a1a61e88172446d64d
C5,c5/c5/c_5_104.csv,9876617,972e2aaf13410218c1fb4f858901812602eb512149cfe1aad6782ff57f4ed35e
C5,c5/c5/c_5_105.csv,9876631,a8cace233f0628c3454dbf71a65f953c10e35df19b7923d2f94af553bb11617b
C5,c5/c5/c_5_106.csv,9878672,1ed71a7950fe47e3ecfadd7613b3638895b4dd3cf552edfbe82065fc11b6595c
C5,c5/c5/c_5_107.csv,9892669,b8a6dbcae4f152911a6de62622122f94db492988a234b279fae5c5cead5d3dd6
C5,c5/c5/c_5_108.csv,9902695,0ec227298136113d5fd94046ae900732b50fb4f40a63a799da8395ea7ea02060
C5,c5/c5/c_5_109.csv,9916525,b04bc998c306f44126e955cf248004bd67b81f33b866673ec9c2dc499761f053
C5,c5/c5/c_5_110.csv,9931162,5e6c7de71f6e60be40d0c9df5d0440c71f93de02f4e8b71942d73a0dbdc13c6b
C5,c5/c5/c_5_111.csv,9949355,5e581d7e65871e4444b54000e989ea40eb3cc6a659c7905f46ba1e548b8f5f98
C5,c5/c5/c_5_112.csv,9905563,1e01af2d63e85cc6ccf9bdde62019a4bad797f7071ddebbbdd7c0e6c73e3dd96
C5,c5/c5/c_5_113.csv,9946209,8f77c5b6b6d9f3ec006f1d9327442d9cfab0285596abccaf90003a80dc40652f
C5,c5/c5/c_5_114.csv,9943789,c47ff8875a41722e3c033b46416351b53a2eefb3a593f7090e7b77b26323976f
C5,c5/c5/c_5_115.csv,9939905,0dd465f3bcd087e3d6e6ec753744d2d95fe6fd06b0b36877dfe5404b1f0c30d3
C5,c5/c5/c_5_116.csv,9941103,e0ef27b0c86ff0abf326a3a991313695d930e02eedc9e524fd49597d4a7dea96
C5,c5/c5/c_5_117.csv,9936751,00c64068a7162c1f6132bb121a1af72372c621c7e21d51fbdd3b2c9db6e1ad27
C5,c5/c5/c_5_118.csv,9938555,172305bef36c551860561ca3a86c10e4f9228c116e3c2a770eae789806a29277
C5,c5/c5/c_5_119.csv,9941743,34711a0cd626cd62bfda7bf577d48aa499f87de52556665fde8b9f543a2349e6
C5,c5/c5/c_5_120.csv,9943986,3c0415278d3f18f09cae920332b15b182679cf78ac1e531dc5eb71ece340b0dd
C5,c5/c5/c_5_121.csv,9078032,40ffef9108c86b8fddb39327bfd64f8e370bce3f55ee1c42c1623f6ec4ecc85e
C5,c5/c5/c_5_122.csv,10007083,2ab6fe2cb4f34ca4b91797251625a45e47a4bdf5af2f11a7c91a69b1894f28e7
C5,c5/c5/c_5_123.csv,9958590,fcaa98b3ca2ccde5070e1d556d992bbe74618781df0d7019ea1689e09b7b3acc
C5,c5/c5/c_5_124.csv,9964824,b69ef4638a1735f4af24246c54a33b46286adc4d8e35cf41c536d1da83c04fd7
C5,c5/c5/c_5_125.csv,9969988,d334e6b792e529aa680e23de10660d8a037365f5e6bd89bd9226a6875e515e5e
C5,c5/c5/c_5_126.csv,9954074,6caef067c5b9ed0ee70281bb5aa61a22c4a824bef0f8a0b320d3b3106c4d8454
C5,c5/c5/c_5_127.csv,9950298,6ba81da0ae2227ab97da6d80cb695a0c9ef032c15bc058ae87e5babc5153f499
C5,c5/c5/c_5_128.csv,9972905,729856142d2604bd73a750dbbe5f0a4e5159287d7f5d812b5d4da88de4d0dc1a
C5,c5/c5/c_5_129.csv,9960925,bb6dc9262ac14ed64e43795189d35e8057f93a3df9da0ca7968da39891682cd4
C5,c5/c5/c_5_130.csv,9926266,3ce4b4ad49a675a7f11bf331a08840d12a3359f8219d3e0db98f00083014b8f0
C5,c5/c5/c_5_131.csv,9925105,ccbb7d21f8cad3abedc770e7a3bd93c856c82ee6f5a609d57a6f1e7af3b03787
C5,c5/c5/c_5_132.csv,9931327,bb550c42b1dcb9c1bc54639e9593ffe46b5f6b1e81f422cbc3494b54283adb50
C5,c5/c5/c_5_133.csv,9931478,ff3e7b53d4d3a43412e07f0259fca4d7652faeb9521df270cd8d69a9d397ae87
C5,c5/c5/c_5_134.csv,9948288,053c8af7625b1ad0cf8b0c35cafd3e1d8da63924cc55bcb18b69fb66c1aaa150
C5,c5/c5/c_5_135.csv,9958157,2c87221fa5b4a7932d7f921d78d6c5bd7741fe9d4c1e023826a8356b95c6271f
C5,c5/c5/c_5_136.csv,9939166,70aa4db98cfc477137d7ae57219733da484bc5f8d7a82afca750b695c21eb489
C5,c5/c5/c_5_137.csv,9970925,325df80054f236829a2b3aae7f5e43e9b018b5ebd1dd9c7cd330cfcdaa6c4cf7
C5,c5/c5/c_5_138.csv,10007402,fa4a858db32467cbf06e26fdf86c6af0643b737d0323cf812e67ae2ea33dc9cd
C5,c5/c5/c_5_139.csv,9983201,11ba486a8a74ea1b4e6d5f73fee45f2e90a4cf7af0f89f96f00939dca77dcfac
C5,c5/c5/c_5_140.csv,9985626,a28f6b524c5fbea992ffddb98255374e16342ec642940b1507d27f413d973060
C5,c5/c5/c_5_141.csv,9982183,575b8f04e38f9a4374337019d897138ead92fa3b4b9e561360dc7e49e506c812
C5,c5/c5/c_5_142.csv,9977893,b700b10ea88003528e53a8252cdc0e2710be700890041fa4ab033f5b5d1221eb
C5,c5/c5/c_5_143.csv,9966452,e37c6e0208508202193a00ea7b8c94455881cf5fb8cb3a91efec7c69bf935284
C5,c5/c5/c_5_144.csv,9650479,ff0cf94f2d855f6a85d53348f06da91b5a0034f3736d854fe5318d31fbfd9798
C5,c5/c5/c_5_145.csv,9971384,ecbed755e2695a81c7cb7ea278ce34808c27a5f6d2e14b4b6a6b374c32a7b74f
C5,c5/c5/c_5_146.csv,9969616,1a7bba2c8e512ca422c7ad958e35cd496ecd7e1cdd9c3fa06921388373adf444
C5,c5/c5/c_5_147.csv,9965525,4f0806e1ed9810487cf854f327c222ee0e37b3d468804e7dbac5e4e95cfd4480
C5,c5/c5/c_5_148.csv,9733178,61462254917cc651a6f0dac9cba24ae69d31108732b06bd4d261479066a871f5
C5,c5/c5/c_5_149.csv,9970686,77d5d320b1ba5dab86c7be8be794e774e823daa2135596c1bcf6dc070d989fb9
C5,c5/c5/c_5_150.csv,9962969,321cff72f9691265a877a0a12d95de7714f82e0450444bd218b4cd44832f6e6e
C5,c5/c5/c_5_151.csv,9968979,e97c2244fc77293b98a3779964486e18f4ef767fd8fe0887dde58353ff18b3ed
C5,c5/c5/c_5_152.csv,9837925,5ff41f9b44d1b18613c54e3e2a984e6c0b55c3df7f8fbbcd6cb5930fa521298e
C5,c5/c5/c_5_153.csv,9964756,204f8a06babd9d121512d957d7b92ce2828ed34d13ac9f1165e846e2280ad213
C5,c5/c5/c_5_154.csv,9993905,6a43e828dc871e7196f801d7f6e56ed3a0cd36c726c04cbdf5588daf32a3a268
C5,c5/c5/c_5_155.csv,9997308,7a7bf42cfc9f841b5a9dc3e21ffc580dd424562d98d604179bfbcb8769305c66
C5,c5/c5/c_5_156.csv,10002284,49483e4fe22e15656bc49cba3425db67539a1e46908a82c6f745d52b9f2bde90
C5,c5/c5/c_5_157.csv,10002828,ffb440922080e68214e8038517eb6922115df19fb31b3576f390632efae55fe7
C5,c5/c5/c_5_158.csv,9997561,83c2f705d10cf471b52ed1133d904d8ce6fe4ec8fa4e8d42196020de6e0cdf6f
C5,c5/c5/c_5_159.csv,9993712,6339856912c3acb02952c0fd77e056f3c74099d8a821508c581ee7204d550eed
C5,c5/c5/c_5_160.csv,10037159,7507369581ff7a50b664904bc0de0d44bc92d16e959844bc934ad53441e0552d
C5,c5/c5/c_5_161.csv,10027998,b1042b42e0e964ae922b979c769971790e406607b1671d56b74e3cd8a123e88b
C5,c5/c5/c_5_162.csv,9998787,880736059e2f401081d5ea02d0c3edb10530878d6988b2f7d845eadbb5aa8375
C5,c5/c5/c_5_163.csv,10018053,b3ecb19f4d041953bc100be2b4d92710cc15f5bbc0c35c9c61e25c01b05fb35f
C5,c5/c5/c_5_164.csv,10037980,b4bb52be70e1f3a6aa8b8fa0af5f865f06e4f9c4b136192a2c57bd009bda82e3
C5,c5/c5/c_5_165.csv,10044834,9d808cf8d8e7dcb466c98a9dc7fca88bec352ac60b7cad7aa12e4544201f8e60
C5,c5/c5/c_5_166.csv,10050775,995981acf0fbd778ceeb7474d8d333f0b23afdc31ca17ab0c2340cf7ab5a277d
C5,c5/c5/c_5_167.csv,10056931,b2821acfad3c351412357dacd60687819dc2f93e87b2e2275f6dcae2316e87a3
C5,c5/c5/c_5_168.csv,10050457,f4de651fd40129db5b63d6d37991bb5f4745f99da147500f15845df56ee66ceb
C5,c5/c5/c_5_169.csv,10029617,d040e91b406cf72acbb632796648e3fad700ffdb63a0ae2f7a1f10ba351806ce
C5,c5/c5/c_5_170.csv,10039768,fdf6105d51f75df99f95bbc58f1f18d9a305fabea03cc914cd330fdc46abb04d
C5,c5/c5/c_5_171.csv,10045437,e24b51f657f7f614dd062988aa4e69d606217f7ecfe5e6ee06b1025faa171860
C5,c5/c5/c_5_172.csv,10014763,e2366c2114130b3ad1e43c535c3ba4503ed909ec1a991371f3defae3d6fb4703
C5,c5/c5/c_5_173.csv,10020119,4a49cf6400faa8f6a761872a4be1e92a60951f57da853cb92ee5ace002ca727b
C5,c5/c5/c_5_174.csv,10020280,de136ede3ec0c8214f1c5b772c45bf8fed8a9017c27d2e37456d221da0262cc3
C5,c5/c5/c_5_175.csv,10022655,d16657ec81e026c93582c6304de0965ce916203ac92e1d7a1e5729a2c4704385
C5,c5/c5/c_5_176.csv,10023602,5364764b14aaab5b70986b52695cf89e19e6a982ea5b60a6cd9ff77c9cae664d
C5,c5/c5/c_5_177.csv,10027780,4c484f7d81b6625fe9b72eae00aa3b0665d2748ea1dead586af7a191ecd6f44e
C5,c5/c5/c_5_178.csv,10029102,d0565860fa4b1afa8e4bac695fd4d116ef4b9ddbaf4f48f508bf55a5f54c47ad
C5,c5/c5/c_5_179.csv,10035892,17c22c8fc41367380d6eb3a5637de3355f397bd09497e6d05fe491dd4b9b8553
C5,c5/c5/c_5_180.csv,10033183,8c3f1816076a38931ea2a48e939424472095ee50b1e175d95550f91ad19c532b
C5,c5/c5/c_5_181.csv,10029373,6af0ecd703eeaaf44b002aec93dc6e868364024a5dad660163e995dcfbe23581
C5,c5/c5/c_5_182.csv,9834244,7ce4754ef1a53a4b790d0ea7a881c96e82e72b7adbd1ca6380f5422d6a75b3df
C5,c5/c5/c_5_183.csv,10036704,aacb45348242a0514ff666b54be0227ae33fe6bfdc5cf793866c5b1d7fc8ae69
C5,c5/c5/c_5_184.csv,10036708,d53dd1dc7a7dcbcd43f554983594afe853b2ae59e1dd4b109e7f5a32caa0b42c
C5,c5/c5/c_5_185.csv,10033925,e12da23f34f9dcc50a76f310135fd9023e44ed0c5c40cb37391eeb00a34f6430
C5,c5/c5/c_5_186.csv,7683336,469299dc00d4352da8cd03e86eba29bb96466eb34bc784c75693ed11b06845b0
C5,c5/c5/c_5_187.csv,10097954,b6dddcc19082ed00d535d8bf6f025389c74db544949c96d95ea549ab8c006f72
C5,c5/c5/c_5_188.csv,10049538,24b9c534e0bb45b739e919c82623089b89c6039b113bf75c225be7d0553465d1
C5,c5/c5/c_5_189.csv,10056543,32303d1b4d171664d6399eb4238371152dae4235c72e1e87fa4f521b1df7654e
C5,c5/c5/c_5_190.csv,10050439,e24f041822eca9a9dd6855e2ab2198c9a856374b80a4cbf62691eadf29b6189a
C5,c5/c5/c_5_191.csv,10058898,4ab9b5a89bd9accbcc0362f40ca75660cff72d4964512bc789ceedcbb3317650
C5,c5/c5/c_5_192.csv,10050631,761e53b01d335707a21709b6ecf7dbec9ff8ce91422b4142811f18801759cb6b
C5,c5/c5/c_5_193.csv,10048995,30029d68b2c590f62fe925e59a449ab47f9fadb885007b51b48c0a2bcdaf93b4
C5,c5/c5/c_5_194.csv,10054291,3c6052c3e06a450d601aff095cb6d351dd0bf7da760b7afcd482003b7292d1e1
C5,c5/c5/c_5_195.csv,10072596,4a1e9e5d736050ed7f957dc71ac51df73c944f093c16e75ef7ee0660937eeb52
C5,c5/c5/c_5_196.csv,10060363,147e6d17acf0d9b305a6eb3be942195d9ecaf51a8b77e6d46961ba9b3a893daf
C5,c5/c5/c_5_197.csv,10083367,a0cc75d650f3bc50d4bafe53765f0274a448f527765f71ed50ec38370d7df169
C5,c5/c5/c_5_198.csv,10076946,98b8620e3d80215589d056c5b3eec873f458a03ae3b933a9d2712a3f0a9eb5fa
C5,c5/c5/c_5_199.csv,10065645,3f5bd43caf007ba2bde38397dd04a9135f54f08b1683976714b613ed79d0da0e
C5,c5/c5/c_5_200.csv,10066053,3ddec45dda28753ffc6a694fd48d43d629fff71a224d1aaa3869aafff4e96a31
C5,c5/c5/c_5_201.csv,10068198,871d6a40cd99aef92792ca625eb07c9738c10b4a419ae78c28c04d45893f01e7
C5,c5/c5/c_5_202.csv,10060739,302602882d092a85b6b79bd7bd08412195e3c6aec2fe6222aa7523d220d88d39
C5,c5/c5/c_5_203.csv,10064713,10b69d9380026fc54e35da31140163c8acc19d329f30c81cece62b787b55c40a
C5,c5/c5/c_5_204.csv,10065789,6813bff9108b4d90cb11edcd88b5a0a7d4dcb2c05bcf2eac857bc0e0000cc505
C5,c5/c5/c_5_205.csv,10065876,9d7e8e83f238c551c6fdb18d13a552c303330dd69136495612f75e1832e7814c
C5,c5/c5/c_5_206.csv,10065804,fba49682284c0ddc9b5260049bbed4eea25662a3c17f58ed77cd52f626432f68
C5,c5/c5/c_5_207.csv,9957688,166048a06fa86c6116bfd94d3684ba7a0af53848a20c7dff76923d3e7b135ccf
C5,c5/c5/c_5_208.csv,10085252,86d18de1dd37ca2501f3dec6da55fc88e40cc82d7597cd4c27029bbc3394f222
C5,c5/c5/c_5_209.csv,10103218,017cd50267577d521e16cd3187f43b33d8c1ed6df90ae34b52606e5c9bf3bf4d
C5,c5/c5/c_5_210.csv,10079691,f6eaec94a027d039962ce988bb8b856e0815144e083d58a31dff69743a7d10ca
C5,c5/c5/c_5_211.csv,10075928,2862d833c72bc6d12f6e20c9fa89c0d4ef9614f10cd587d9c98d5311c2f0202d
C5,c5/c5/c_5_212.csv,10073789,5ceea7abaa5ec9d669e00c2fdcd518b4b0b7ef71ad7aa11801303d021213cd8d
C5,c5/c5/c_5_213.csv,10086417,de476c7097443d67a4c1725464be5d3b7a772ad3c24c357590cdba61159c80f6
C5,c5/c5/c_5_214.csv,10078599,f30990492f727fbc506a51e12b5bda0e28591d2ff2a079c6d42e95b4adb9e4d8
C5,c5/c5/c_5_215.csv,10089412,451fe3adc52f2e9901bc5645294c8c59b7efcaacb9a35a77248550fc2791cf37
C5,c5/c5/c_5_216.csv,10080253,f70c7f15ee06d789418f263a71616e1e7ee2467fe1b12e15cfd0ea5f5e169755
C5,c5/c5/c_5_217.csv,10084326,f48213b68ec2bf2cdf53ad6985cac7c9b3614007fbb2403d2b7c049b45263b9c
C5,c5/c5/c_5_218.csv,10088554,2740a417d1c8bada88a9bebec4be9ec5593bb7967cc86b5c134cd588e11d6b2a
C5,c5/c5/c_5_219.csv,8349197,2b9d3ee6178aea3de1f1957dc165e5cbee6b31cce51a6a2ccf799c409e4255dc
C5,c5/c5/c_5_220.csv,10093031,4bd6fbfe1c6b403e23d515375c7e0ea2a878e07018daa2261bce95b74430b402
C5,c5/c5/c_5_221.csv,10098143,036858b013e370cdad3bdd6a926e6b4d33810a64836a2257ffa88c5fa439b291
C5,c5/c5/c_5_222.csv,10100346,fb2f85daf4f024acb6f72e38687d6b974f33ebc94fb0acbaa622898ff072ed4c
C5,c5/c5/c_5_223.csv,10088767,6dac0525d4a74260797d790a93d4e6b836af6227e1bced23a904fdb03c56fb08
C5,c5/c5/c_5_224.csv,10104036,88ed80110ca5907ed59c4af1a416877890582805bf019d512b0cc48e7de5147d
C5,c5/c5/c_5_225.csv,10103635,e47cfbd87b0be5de0e14e2e2a1d3ecb014aa5b30fa5a9394a9621f67f209d1e7
C5,c5/c5/c_5_226.csv,10085207,2e283c72f752d38334f075d951cd3b57d6ddf8f57c92ddcb7e55250bb957c372
C5,c5/c5/c_5_227.csv,10092395,5108863778781db464981cb783f1234cdefc585d09b739b563a17448c905beea
C5,c5/c5/c_5_228.csv,10090268,a422fe4fb421fd2467a932d95c90d776ac1fdf91552a18ceec2442ce778dc94a
C5,c5/c5/c_5_229.csv,10068024,109485c3d67c4cf808d4b8e1e8dde8c75bd46ff91d4210af2d9b5fca9fd2a73c
C5,c5/c5/c_5_230.csv,10095854,68c62877a6ac176eceef5a4fbe515ec96c7aa4639b798697b3114f366646218e
C5,c5/c5/c_5_231.csv,10104675,2bb4a855962f283dfa0507568d55b1fa945b8d05b7c7bc70f647397346b1f96a
C5,c5/c5/c_5_232.csv,10098594,4c816de6071b77e2ea48220558fe0b9bcbb06007a7ea4a8bbbce47c722b43318
C5,c5/c5/c_5_233.csv,10108102,8b06aae141c3c6f75451123b69ab3e757c6644bfd3acfb02796b4fa9025f8492
C5,c5/c5/c_5_234.csv,10129144,f482ed13d943ea044686a0f05edf47542b888183b38fa5862a992f33a400f655
C5,c5/c5/c_5_235.csv,10149450,24d7f7bac9c10eb3f53c37282e373402bad88fb33dac58e9d9978de6d0be6603
C5,c5/c5/c_5_236.csv,10140944,b50dd491d84b33cee8e333252da3169aab3beadc9e313d4aaf6e446432cd7fd0
C5,c5/c5/c_5_237.csv,10136440,838096ac97356bcb00d9929e92f872b03a6add7fedcfa1f8baeccee547ff9e49
C5,c5/c5/c_5_238.csv,10136029,3ab101ce4c50fc5db400498c8a395d213d84fba1cbad74c1d41fa18a4bd65186
C5,c5/c5/c_5_239.csv,10114107,3c0beedeec7cc77560700b4de6ce495ad00ebe4adbd37e18696e68969c0dab6a
C5,c5/c5/c_5_240.csv,10113480,2d23dd28d78217e2ed9df6113321b249c20c495109d252d5714ded046aeb3ace
C5,c5/c5/c_5_241.csv,10113673,5e2e64b6f38135d42d6b63413100429b90913d37bc55c0aca9ad18858e4fdf1c
C5,c5/c5/c_5_242.csv,10123951,4f16359899c001339b6c73933916b8483083d17e85a84bde17e2d028e0f8dc27
C5,c5/c5/c_5_243.csv,10114059,43aec5f7c3b9be93a3e970367b18b9e863ca212bcdd8f4064ff0a2fbf6c4e522
C5,c5/c5/c_5_244.csv,10145781,ac2784aaa1e98ab6a8f4d0461a0900c7809ddcf55757ea43ca99894cda29e43d
C5,c5/c5/c_5_245.csv,10165515,5a62fb0983f97858a741b622a006926a34744f54bc1f013f30ad6d9e2794b624
C5,c5/c5/c_5_246.csv,10168312,9c0a72ffa8068aa3e4cebefb6c7cc6b391c65901f19c447f3ade3bd942b51399
C5,c5/c5/c_5_247.csv,10177066,6b3daac4a4222c01a174224cd4ac319acc9212c0d4f45d5462c07bad162724d6
C5,c5/c5/c_5_248.csv,9767837,06601c41fa0a949e1d133f89b76c845ee5659e841b8d7d8f7e4a038e0a9353a1
C5,c5/c5/c_5_249.csv,10165463,0c3505bb1d1589684ab2c4304c30c412b81b3b1e7fa25ee648f94d485c913c18
C5,c5/c5/c_5_250.csv,10188355,7afd65661905711aef09dd9aad5942dbc787a038f81fb857782d6dffe491c7e1
C5,c5/c5/c_5_251.csv,10185151,44aa85655b3f4c096f6810187367f02fcf841f7a967fcf027eb4fd276b10f2ad
C5,c5/c5/c_5_252.csv,8093757,59e089f881b34067e0488c5bfd9cade3de31958a5547eaf6a94d32e863d6aa62
C5,c5/c5/c_5_253.csv,10711408,8d72969b0da7cfad5b15afb78469540fff85f721ad7b175c3d53dc2f38a9ee1b
C5,c5/c5/c_5_254.csv,10168263,7c704065b57e073ff2913cd682ae7e3828c55c1f391108c33c3aba65881dd30a
C5,c5/c5/c_5_255.csv,10178799,8325fa3c67a853f13373b33b939b1a167ae4bfee5144b962c07f43b1eab25b67
C5,c5/c5/c_5_256.csv,10180267,53e48a6a8d6a69064078b197af16e0a33d24b23f1b6ed189c9f8b2a3b2b02b9b
C5,c5/c5/c_5_257.csv,10204370,2cc46c49fb29f5669d987d10464dc03dd0877837eba8a1953c6a059fef16b0f9
C5,c5/c5/c_5_258.csv,10213558,025c87e34c7a3b4f3cd0ac7dc0c0577234d06c184bcfa9a191e6d6e84fd81b9d
C5,c5/c5/c_5_259.csv,10218666,97936cc57a10d671464cc4efcd55d1523fd7557e6220f9485401f1928dcb0b35
C5,c5/c5/c_5_260.csv,10216839,0c25b35b2f392851ca7689bee4b1100be0eec2cef6bb80dba8c65a4baffb036e
C5,c5/c5/c_5_261.csv,10207427,ffcb39ac50d8bd4d9da2b490ab6f53882e807ec2042a2935be3ee24382ef55d4
C5,c5/c5/c_5_262.csv,10217435,741c103640e70606d34740f70dc4dea48ae42c92f6586571b850267529c4caac
C5,c5/c5/c_5_263.csv,10221746,d35426ce54a623b20d412da0edadf6a490f4a001acee9b7dc94fbd1d025164fd
C5,c5/c5/c_5_264.csv,10210583,e8013148498b791f821d0263440aa57935e1aee5483e9e46a89a4e11134152c5
C5,c5/c5/c_5_265.csv,10221892,80bdf0342aac2aa39134621ed62a34d450c6c95fb20752dbcfaccb87095be979
C5,c5/c5/c_5_266.csv,10214432,c511145e9d255a2c72b9aa6038ebc912199d39af2cf88c550361de470c972031
C5,c5/c5/c_5_267.csv,10214568,17fe99161ca4d8b8676ce676f772b19373ed7eef2f72094037f16bcc0f7ec4e5
C5,c5/c5/c_5_268.csv,10216912,a16687c94bde9d7ba9f6f60ad966c218d1008cddc2da22f3773597171e84dfa1
C5,c5/c5/c_5_269.csv,10235469,5087664b70a7bd7fd073a70bd6fae199c96cefca848d056b6213aeea16f643d4
C5,c5/c5/c_5_270.csv,10231695,ab0b68719f381f7c4bc208b0e83d2bf7fa507e2a36614af60ea7ba0dfb6fcfb0
C5,c5/c5/c_5_271.csv,10232065,6ffb1704fd2d1bfafeb053da551bab81c580a4010041c05742b450cf3000fdf4
C5,c5/c5/c_5_272.csv,10229944,9333356cc9497c4a13496ae6bdbf1d087401f83f2f63f5fd83af084693c1ecb5
C5,c5/c5/c_5_273.csv,10244508,c0a25f8526068f7165aa3dcc8bec3b75b2227ea0ca436c3aacaf4529de3bfd61
C5,c5/c5/c_5_274.csv,10237924,fa643dbb85781f7395979141b7578b02d8257d64166d858ca605d1d92e27d689
C5,c5/c5/c_5_275.csv,10249460,16deb7526d88586a4fe122d4a1e6021d93559fe5dfa5505d435e2ce43619ee87
C5,c5/c5/c_5_276.csv,10227122,dd2f7f6c3bfed626dcf73b21a865623d11141d94ec625321f2324cc8d03d4352
C5,c5/c5/c_5_277.csv,9742982,a7bc467787ce0da88ed515eeeda059a432c02d06bffb530ad55389ff44f28e56
C5,c5/c5/c_5_278.csv,10252090,cd4cf78bfb56e30b75f7ff5ea93c7f63ba11a3468506e5c5002579196705361e
C5,c5/c5/c_5_279.csv,10219827,2609159ed6f8252108fbc3d2e1d8f1039ab0846187f94204de177bf3391bebd3
C5,c5/c5/c_5_280.csv,10174514,3c13a719253c4ec08fcc030230ea0e45db15ac88e725e20387cfa80acc0ac9fc
C5,c5/c5/c_5_281.csv,10171181,23b231bee96067e2f49a92730608ee1c69f7adff43552ba3c69e9dddd0005384
C5,c5/c5/c_5_282.csv,10180776,917cdaeb50c60a0c92bb2e38b6cc0e1744e35bf4c331f3f12d7816d5270b2698
C5,c5/c5/c_5_283.csv,10168780,5b8fe36981b39f2e903a474eca9e35ffde5ff15ef4ef44d4a0a31719f5f445ee
C5,c5/c5/c_5_284.csv,10176629,94da1702056bacccd206fd0dc5a3d76fcbebd48bba1ca2b005df52b419fb5f6e
C5,c5/c5/c_5_285.csv,9174188,5f6c771378ab9bf04b71d88fac6cf1952f968ef846384fbecc41e0e216da27b5
C5,c5/c5/c_5_286.csv,10457789,cac2e0334634c14ae73300579f2c780a891e772a662c4583e67c41fccf12be87
C5,c5/c5/c_5_287.csv,10178195,7e191854d883d3a4c24306f611675eee36d98e7d3f14d5e429e025b4a35567f1
C5,c5/c5/c_5_288.csv,10182160,cc0fee085be58362ea55c9e9642969e3071ff816bf9cb6fb8aa86b38e225f711
C5,c5/c5/c_5_289.csv,10192606,ad846b7fe94e28407b0307af5da8b5de9f39f8e899ccb9083c2cc53fbf69c88e
C5,c5/c5/c_5_290.csv,10186447,cdd5b5d72042e8d02634f0db959fcc3c6ea4e0342980e8a0dd2360e8422acee8
C5,c5/c5/c_5_291.csv,10151147,2ea4ab38ad0ac9b322a46a6a783544b196fda50291377eb836129f5916d61f42
C5,c5/c5/c_5_292.csv,10190693,50e8374700e021d018fd56b4732260e5a142951840f235f0146964cd4056e4f6
C5,c5/c5/c_5_293.csv,10217853,81c220844c6c153945da3299b7aab51b4de58b33e863ca273dff55f3387f522a
C5,c5/c5/c_5_294.csv,10232431,9f6499963e44e4e131afc19bd724d904f960164e7d140d776de309cfef3be04b
C5,c5/c5/c_5_295.csv,10244921,3c9d2739b7e5aeba64cb943a959c3a569f8be3fa1ef3b2032bc9092557a6fb2e
C5,c5/c5/c_5_296.csv,10255018,31d68fc4c428e14f2e35b4a854685ec7ad53bcd02f334cfd7677327bb3da8917
C5,c5/c5/c_5_297.csv,10245850,2d90e6fd92ba4c8597e7804550f9ffe9d27b1de858e375257231b5a89ae01ca0
C5,c5/c5/c_5_298.csv,10258122,5580f0546f36799451382afaa8e8179c9bd7f25a13223557f7585a9009e64846
C5,c5/c5/c_5_299.csv,10260573,121360b4db1c36ef68505c76a49d495d063ad4707afcaba5a4c80c6ff6f00fdc
C5,c5/c5/c_5_300.csv,10243006,ccf707402aa4eebcfed553a81c6c32a1a2081d4be013277b1c5317d59d53e18f
C5,c5/c5/c_5_301.csv,10242432,20a73169628325c463ae95e1dc8455923e3a433e4a592543335abe7450f21a04
C5,c5/c5/c_5_302.csv,10167497,c341a8cf7167268c76f72262e9e124906a0735a6ecd0d510a00a24150b759547
C5,c5/c5/c_5_303.csv,10166421,3cbc2b965fc473901c6735f5b0b4bbb89f59d2c1d3d83f4b2e6dd2d3a9cf3ff7
C5,c5/c5/c_5_304.csv,10157580,35abf65a56521a7b249cfc3f267ba54e55bd7d265bf846ea7d38ae50bce09e9b
C5,c5/c5/c_5_305.csv,10162289,37e015b0cb90b9aa2c439d23f2a79c95720084c3b63b6f6d529811922eec65a6
C5,c5/c5/c_5_306.csv,10163567,5d90efb36b02037f7e71b13455aa3660ef56af5dd04f4f8fea8833894a703729
C5,c5/c5/c_5_307.csv,10160636,d0a1f07acb1c8a740794a9819809fa7aca2f2e9f705fda3027cd089d58f656d1
C5,c5/c5/c_5_308.csv,10155949,43f4d44be1114d7fc9456c7aea3da546b5850efc8acb07ef839c131df2b596a4
C5,c5/c5/c_5_309.csv,10153789,88cfe4846cafeacd5a684668d026ef2210abf3caa7a0b69a9dc3c86acdbfad32
C5,c5/c5/c_5_310.csv,10147440,618ce564e404221fbf5f78aac397a94f1bb0f3c249d6c7a647c4d6526b7199d5
C5,c5/c5/c_5_311.csv,10137423,182c289df7c0faceb0d2671212789518fa5851cdc2210d55f4c7408b3766596b
C5,c5/c5/c_5_312.csv,10131833,7aeadbfdb18e1e133c452c868cf854d0d325b216dc64b6ce35b094eecdbd63ae
C5,c5/c5/c_5_313.csv,10109218,a122f9934713ae4383e913ad00da96726d07179ae90085c4a85ce0e03cf21a85
C5,c5/c5/c_5_314.csv,10095393,1ddf60ab77baca9c16a72ab1f3ba9d88b4b4e9787ec3b60466e6caf4f21e59bf
C5,c5/c5/c_5_315.csv,10071434,bed06c402c2f23d4c7bf617444d654a9c7f2db172808f861fb365b11b78fc45f
C6,c6/c6/c_6_001.csv,8338142,fd11fab85ddc16bbfcf50541f08c4407f282f87f26f94bd07976e4a52bc85955
C6,c6/c6/c_6_002.csv,9508143,3566586db8042364bcf1ee40a4a2bcacd41a6ad250ee50bdeacfdabb7b31449e
C6,c6/c6/c_6_003.csv,9534422,87ea9539079ae890acd55d1721fcb2f27700d3411006e0de11ccdfc7d84f1437
C6,c6/c6/c_6_004.csv,9533694,09f476daa16b16b606cc676e5c3ab9ede2b5d9f6efcbc12d661edec45dd1c260
C6,c6/c6/c_6_005.csv,9486578,47f2ee5eb161e162ac6ca4342f65ce0e9b27ae6ebb1a116f689c6154c47e039d
C6,c6/c6/c_6_006.csv,9545315,4291361272353ae3b84de5c1627c02cb3bccabb8ca9612612b19e86d62161461
C6,c6/c6/c_6_007.csv,9588277,433026d421aa9b45fc200345c9f800a6ada43bee70512437a8f8d3fe289328b3
C6,c6/c6/c_6_008.csv,9573828,903588f045840d9e59d5565ed1f131306b80854cefec3ecd5e95b7b02981c87f
C6,c6/c6/c_6_009.csv,9617712,2c5468fccd4bd31a5d10cc04dd0cc9d33604c2949bb15988062dc1316a6da3e5
C6,c6/c6/c_6_010.csv,9590592,2a0ddbbf85abbab5b1c2c9d28e50dc5e92819b1cf60d3b37990d35f2e16adfce
C6,c6/c6/c_6_011.csv,9627211,f85d9d03540d28d3ade81a1d9620df47e975003abcb0c5f936e8da7e462e7d4b
C6,c6/c6/c_6_012.csv,9608309,a7916ddd3a604593fb799443d981e9ae6c94d350284f8be2ae53f3ede007e531
C6,c6/c6/c_6_013.csv,9541379,300a37097f8c00e08d8f1ecc541de62a34f4bb1e05c8694027a16e2c998ad0ff
C6,c6/c6/c_6_014.csv,9584166,bdb2fff38496bbf8809b0e76307d635261e39191bd9c93b0dfb58dc8c969c7fd
C6,c6/c6/c_6_015.csv,9583843,9de890aa04dc0c652e304da796bf9d2666f38f49d67271ac3e0ede51299c4d2f
C6,c6/c6/c_6_016.csv,9580610,3c52fe2bc8f4efc2f8731f36b94576324656064e45f7ab0ba121fb6e9f452948
C6,c6/c6/c_6_017.csv,9578724,9ca6f0045cba192005d7323e6beb34517b1039716bc6d75c4e3bc2808d68221b
C6,c6/c6/c_6_018.csv,9575675,29aa160a9c8167e5e009fa625ebb62c9fbe548aa97f56ad5fecef84957f7656f
C6,c6/c6/c_6_019.csv,9632286,770c018815b4bfc7a74edc98d87688e8da3e6914bfe409da07f2dcdb4f4ebdbe
C6,c6/c6/c_6_020.csv,9604891,899e0f18bc1e61fd1f0ace7305ddee52744131830fd8b28c4092274ba8ca3c28
C6,c6/c6/c_6_021.csv,9532530,7aef8131cabf87093867951efa49a513030c4da549827d4b687ed95b5e9faf64
C6,c6/c6/c_6_022.csv,9595429,1b25625c8d609e003da244d2ad6cdd34eff27e92d33ae41145edbd5a34413562
C6,c6/c6/c_6_023.csv,9592924,3465c34961b9a7054b9fca60b79fb2b301f56c3a738091d3daa9b8ebcbfd7c83
C6,c6/c6/c_6_024.csv,9586552,1672040c2fa3ee713196d8ee2dd05d840c8778fdf1994fa6c1dfbe8202e6700a
C6,c6/c6/c_6_025.csv,9587220,abc72c6826e5ec07ced4cd89906768cdcdefc855fcc4bcf5df1b79910e5406af
C6,c6/c6/c_6_026.csv,9588831,e5ede5893987929ad95056513326a3b21cbfa63bb73c0de293c84043f3b7ec0a
C6,c6/c6/c_6_027.csv,9584649,4be8944a274d8b004ef07f9b00011ea0dd0074d4ddfb34ea6d5dcb646238c0f5
C6,c6/c6/c_6_028.csv,9591751,89a29dba92444659e369218aa5f51e9032c562208938de39611f52d0471b8fe0
C6,c6/c6/c_6_029.csv,9590272,455c458cd237c5c675b2ca2dd9541264d45286ba30fb7ad99299ae772862838b
C6,c6/c6/c_6_030.csv,9589908,0e08afce537c91cb0c9123e54acca2a1487d558ea4b9b826bcd4e9783109e2e5
C6,c6/c6/c_6_031.csv,9629674,357dd031d2fd0e4e895080e7b798d9dcc371e0e2e9905a02afdff036d8d02796
C6,c6/c6/c_6_032.csv,9602285,9c8c3d123cdaeb5ba0fa9caa1aa8a9f75961dcb67f06fd863f42713868664b97
C6,c6/c6/c_6_033.csv,9544910,0369120ca7c8f7c953fce42cf892327f515fd9a65c5915f27ca61274bdf8c236
C6,c6/c6/c_6_034.csv,9594371,e98c812bd59f4454376c326694229c58eae271f095acbbc997871bb2a62c689d
C6,c6/c6/c_6_035.csv,9591802,2d8fc7a23225af2f42b014caccd82118291c87631453777b54e4acb65859bc57
C6,c6/c6/c_6_036.csv,9585533,1a03a7bd6d9b9c10156f0499fe136662c6bfeb32a441cc6792f68cc6762c9040
C6,c6/c6/c_6_037.csv,9587792,84fdba3a306c0c0806acf96336491ecf28bd81d5ba6ee6fbce547978a95d9838
C6,c6/c6/c_6_038.csv,9626806,06f5e780db9ef92a2108c2e6b2021a753a0851d4ce2547dfc632dbabc1cb1651
C6,c6/c6/c_6_039.csv,9604379,8f96d21ad3c388ec1e796f91e4e199d900bf75e671bc1ee7abaa7f3a063f8a93
C6,c6/c6/c_6_040.csv,9615771,2b05d6f68111a3ff75d88b8e0c7b5d50bca2957d7ecf74358025698c3e3b2166
C6,c6/c6/c_6_041.csv,9588988,17a17c77f724dfec8f94add538f357be0933d5e3137a44a29d1eae7dfd824afc
C6,c6/c6/c_6_042.csv,9595034,d89c6311329849042cfc54b82e04f25008e6accb769e69d881d2f64e2ea29630
C6,c6/c6/c_6_043.csv,9589960,b3aa42dd2924100a097e1af9d9a8b8756379c9a202294892d37f5dd34e49b377
C6,c6/c6/c_6_044.csv,9598504,d67425b372f83de4a983b9665da85827fb6da46d82c5d5458153e7bce29e39ca
C6,c6/c6/c_6_045.csv,9593729,6b829fe58825b802d007f4509b249da2832f215f9a4d62d42bc77a823cb73452
C6,c6/c6/c_6_046.csv,9599279,b6e9e7b485ece543b98d6ad18c310bc348237f9f267f257a826cfcb3b6f41b16
C6,c6/c6/c_6_047.csv,9622872,8e61e431b708dc0824707a126bf430d5c6d69247267596bf94a57c5c4b3b8a20
C6,c6/c6/c_6_048.csv,9597058,7b3efa4d8261b63a712fdaf99094419a5b46c6713f946fc50684417fea45d1e0
C6,c6/c6/c_6_049.csv,9599903,942f7b713fa3b7b4138577d59909641a2cb2523efc236d32a2e5557c09652541
C6,c6/c6/c_6_050.csv,9599067,b51e90112200be4de1efe0b41dc725b2ed2cbd3fca97d9fc7f02bea4aa780659
C6,c6/c6/c_6_051.csv,9605312,5f03072908b1df215b160d452037ca4df6f67c92515f7bf533a43ae49697a023
C6,c6/c6/c_6_052.csv,9605117,3b2ef47637ed16bcad68c2147400fbe47975558b01785bf63a59a9c4408539fd
C6,c6/c6/c_6_053.csv,9604136,60a8027048d053ba5a8c465f66357208ba706c8c1b6b3ca6cfc2ab2a1ef05115
C6,c6/c6/c_6_054.csv,9604781,fe50be1ee9a97c11d47d8b45df6da56eb7ae2d2155f5635a8ef15bf7f5a99530
C6,c6/c6/c_6_055.csv,9606827,b9ad8b4463942c3cf96eab5e5fce2180e260a994e3f877d386b41dfaa4f07510
C6,c6/c6/c_6_056.csv,9610843,db231c0d557331711b20994122992c2689d1a52d2902c173f81848181a8cffc9
C6,c6/c6/c_6_057.csv,9615375,b7ef49a530b942ce4820c7ac94cc81d7f61eceda06b695fc676c81db28b602d1
C6,c6/c6/c_6_058.csv,9601205,614ce475868383043577639ea1ef4b4c2793f5ff0c7eef26d5feba75bfe13881
C6,c6/c6/c_6_059.csv,9606847,30f49e4287dd685d6e065dbedcd0bf8da5c6c5852631d58f327aceff8884409f
C6,c6/c6/c_6_060.csv,9613525,8d1f303fb3da61fcbd5db8f23b4da4cdf712c62356bb4e04693c1fb7e0f9e571
C6,c6/c6/c_6_061.csv,9613890,de5b35f7283ddb390a459345afeb554e36f8ea231c225dd96c57fdbeff3c8cff
C6,c6/c6/c_6_062.csv,9616125,8c2af3d58f41e9895ee7202ed09d1193d47dc248b47d50fe4a39e36e74ab4474
C6,c6/c6/c_6_063.csv,9619682,b207b0b54c1e6132d5e0a4faaca99ebe20a7e700be87a2c5003dbbc45332e174
C6,c6/c6/c_6_064.csv,9620885,6825d1c3ddd1c778ee2388b44a1b0262dbd00e5a1ce3198186d98affadbfccfa
C6,c6/c6/c_6_065.csv,9595766,1c88d8d5352b201110dc9fb860ebc20ea23c7f4ee3a7d0514b69a2900c24fc9f
C6,c6/c6/c_6_066.csv,9669310,855577311ba9f24fe5fed230ed2b965fb8cf3fbc019a0e3ceb70087db91aa1e9
C6,c6/c6/c_6_067.csv,9657839,679503eed5d71a1a42b9102adb60e8f63d04bf134781288a4700f040d0ac3cc0
C6,c6/c6/c_6_068.csv,9668474,d520c83bc5cf3b59ec64d97667a6dede17a3e78c9563e2a75e30ee440fb957bb
C6,c6/c6/c_6_069.csv,9657062,a96b04a984913dc3129f8dd75c6c696ec986cf7984229d7df1367a980dd5dd13
C6,c6/c6/c_6_070.csv,9663049,cfd5b34b1ab7fc27e7be3edcff342af0ac7301d1431a9e2113ec0c92f05d1c5d
C6,c6/c6/c_6_071.csv,9669078,0b458f20d6cb8e95a02a45aea69e89947f77f747af53ed2300ff7c01afa9d447
C6,c6/c6/c_6_072.csv,9670750,f86518f90c6eb4c4a59d5e66ae4896054f90e486c0a7c07d4d932b33809d36c8
C6,c6/c6/c_6_073.csv,9667737,2e66e3c7cc68e790171c54c9afd00a9a89f1bbc1509d291790847def33b450ba
C6,c6/c6/c_6_074.csv,9670783,2157e3c103e2ea7eb79f51f47f823459298882306efd68e67a2b4b14045526cf
C6,c6/c6/c_6_075.csv,9672892,ab0b80b37f15805509fa911b913bd7245c5e7371040880021f58a45e05e1b983
C6,c6/c6/c_6_076.csv,9687402,e71e905ec7bbb88e834e31c128e696c200cde9d01affd297d004f8d7459f08fc
C6,c6/c6/c_6_077.csv,9673660,b9cb0b62716d13be46545d3e226d9b16daefdbadce163ff92861ce3ae9b5317a
C6,c6/c6/c_6_078.csv,9676059,709fc2ed2c2f8d1626695d44e5e4a91ce38580d4adc57cbd57b58abc7ad257e9
C6,c6/c6/c_6_079.csv,9675626,f8daa0e8a4b7235069f0973bfa0ae736ce380c38c35ff385a62ffbaf2b48967a
C6,c6/c6/c_6_080.csv,9681409,d3fe34c891e59aa53a80e221a7384726f4f24bc52c48767add3fb29edc6bad8b
C6,c6/c6/c_6_081.csv,9673753,19e450bcf8c754d91bed27a68fc16cb5357954683d616f828a2264840ac5c60f
C6,c6/c6/c_6_082.csv,9687031,c53f03206da586417009906e26c173195800341fe41efc3582df11ff2bc0db51
C6,c6/c6/c_6_083.csv,9684003,3596476af17baaf17918e13958e295dee91a3c704b97d3d09a6473207f785297
C6,c6/c6/c_6_084.csv,9689478,a3cfaf957c5dc43f12bd5274dbd60f967797f512929951afb1011ddfa27f4a7c
C6,c6/c6/c_6_085.csv,9693643,7d9681efd6a8bf54bb0527966914ba20a56c4e750d2c81e23803cb8c2cd90dac
C6,c6/c6/c_6_086.csv,9734939,3acd449849d532c64bbe7cd1b416179e757b49ba94ba1c27e10e7784c57b0c17
C6,c6/c6/c_6_087.csv,9672002,3f42d822bae301026452060c35a288b2481bdde5dae040aaec7068d98cd9da45
C6,c6/c6/c_6_088.csv,9692791,baad30d5851bfd6f8443f3d5f0220df5a6a5cebcf08be67a80d2d408ea086f7e
C6,c6/c6/c_6_089.csv,9702837,97969f4d5a19f5bb5e8bcf9e8262598d609b6be972bc0d6fbf0ebc19db3ff430
C6,c6/c6/c_6_090.csv,9708091,59536c3a9fdff968c42cda7ed90ef50cdb3f82a5672188508fd128956f3d2992
C6,c6/c6/c_6_091.csv,9703089,79c2bbdfb0c7708e2da3bf62fba620c2d568f9151043f509b83600a4294fad47
C6,c6/c6/c_6_092.csv,9695260,03fbd802fe3d516b918ffb270cd94e6b33e0eef8e24befa2ead9315ca1fb4b1b
C6,c6/c6/c_6_093.csv,9696170,5223575ed372554a99a4701a274afd7ef6abb81a8baf97e1b177d7499c24da87
C6,c6/c6/c_6_094.csv,9705230,8eb06755ddd9d52c6f28a38b49033e4e520df04c1a7aff4304918c2289f1ac79
C6,c6/c6/c_6_095.csv,9709061,858b27a146cf4b538689eefba4839b98c3070df8b200dfd33dfeb7666ebbc11f
C6,c6/c6/c_6_096.csv,9706304,e9382b107f1d9da58297878e757a76102e98313072d67fdbf088b90cd7a69a02
C6,c6/c6/c_6_097.csv,9668281,52704940b7da5cea4b64986cd2e4371825c11151709ec09959e06ddf457adeac
C6,c6/c6/c_6_098.csv,9730245,ba2dbec4a0c9f9697621bbefcd5e079b32e0f184a7fc5d03296b4f0aaefc1422
C6,c6/c6/c_6_099.csv,9729893,f68ac3b9f029faa3fa4d291a51240b5839ab2991c76e8cd02600b72de375776e
C6,c6/c6/c_6_100.csv,9729860,b936ed0581f82a09ef90ad615d9dbe39110977c2b95b4fb8fbda6554f66305c3
C6,c6/c6/c_6_101.csv,9730760,9e6f4724348a511cb5401b3ea7fbe86fe49fc62b59e6e3bb34c164843b3e76e9
C6,c6/c6/c_6_102.csv,9727296,ef03bbd16936de6e456036ae46ee4cf1fa589444b79a8282ae0da4e1344cc1de
C6,c6/c6/c_6_103.csv,9727867,de8b7433d509d289c98cc41973c9334bed6f15d2fdb5f1d59ea60c5254a4fb75
C6,c6/c6/c_6_104.csv,9732576,f1d7178a56ac0d6e70322d4cbdd3dc24418ec77bbce52bbb57f179b5bcb70e50
C6,c6/c6/c_6_105.csv,9730663,376f5b0145152699671c529a8a52b9fdb0b0493ef235849c444e66a849f5486f
C6,c6/c6/c_6_106.csv,9737623,e9e5e426a77f29b85731d459d6782fb911b5cdc2a1d586c9002d6483f578f95f
C6,c6/c6/c_6_107.csv,9732860,38ea3ad3c77d5903419979a5a1de31e40bbf8844496e90497b7ea6697d2d9adc
C6,c6/c6/c_6_108.csv,9750567,71f396226d6d4334ca6c77466216f198f1aa5d8c63e1d78ea73a07528409a64d
C6,c6/c6/c_6_109.csv,9739978,65f14707db3da576136e17eaf559532fc7482199bc1153b7fca41939a82d2d31
C6,c6/c6/c_6_110.csv,9743943,aea0b87873290a659d4b4e229e76eaeb1fef2057fb8b0cd5fe818adce743274a
C6,c6/c6/c_6_111.csv,9755764,2876373f6dd52891e4945d9368733b7000db3dada1e8ca56ed42ffc8ac07666c
C6,c6/c6/c_6_112.csv,9752905,821415544171d779ba871bad17c2569f5059ff917d9f512743b2a467c168a0b8
C6,c6/c6/c_6_113.csv,9749700,4787d7241b26518d8fcbb0ede8711b957a85b5590da3ca54017bd9be9b88df56
C6,c6/c6/c_6_114.csv,9754104,c518f5570827e9932d03710f4adca2a6019c5cfb92b8375539b4fcc7f2b7baf6
C6,c6/c6/c_6_115.csv,9798924,d7fe4d714f38574ea4f6937a1f5ee06abd18be1168d2a68ad63833e63f0cf34b
C6,c6/c6/c_6_116.csv,9790060,7ab443a73357db8b7a4e2e907231d6d87f8daf7c5d2dd695dfae2a978ca53f90
C6,c6/c6/c_6_117.csv,9750094,1c34f9797aeef3419a9f14abe595174a44bc63c48f494dff79bd0cb1a72bd197
C6,c6/c6/c_6_118.csv,9759860,bc84df8dccb9f3294aceafd20286f8d44e117f52575a58927b1221a38f7cc414
C6,c6/c6/c_6_119.csv,9735693,bb2e9bf4964a8de8774044b3ee8225c4b7d140789a8f21df307e12caff4ddc30
C6,c6/c6/c_6_120.csv,9775806,5d6661f29fcb770307443c72b1f9ba01a96205c8e390b7dd2e1b60c36f647ad9
C6,c6/c6/c_6_121.csv,9774137,febe93ecd4870f31c65735963f520b33e405b526ed7647798fb3a089a5273108
C6,c6/c6/c_6_122.csv,9761467,4fe48234c3441efd82a0b5303f8ff06b129b22df4cc1e6b4c533323c4463eae9
C6,c6/c6/c_6_123.csv,9763603,e592d2180ec606931292f593663078cae0355c1ad1c40ca5a94f8974723d2ab9
C6,c6/c6/c_6_124.csv,9786361,fa7e81cf979d204aba757a8b90656e9894a96529b1bed166a26e8561b4d9b888
C6,c6/c6/c_6_125.csv,9786524,3c6df76df9120933b8250a9e5581c25d160f085c60899d2fa672f476007b458f
C6,c6/c6/c_6_126.csv,9782172,dab93f62cb616090e9e4372bc9742974f4a5eef0133d7cf507d8bab5c9367d1d
C6,c6/c6/c_6_127.csv,9780388,e2ea1b8385afc624bf8553fd08ce1c0605d11866530b82495a1c7886d155d546
C6,c6/c6/c_6_128.csv,9770656,17aed145444c6ec1f72ac67454642ccae14d6fa76f4f28959ebc1115d95c1e0f
C6,c6/c6/c_6_129.csv,9849236,37e06a44201a0c077d03633a816bf812ab21d98faa08b64d88b7e9474281d1fa
C6,c6/c6/c_6_130.csv,9811803,2c889a05ce69dc79f76e708b30425b4131bcc37647523adaa1a2387823038649
C6,c6/c6/c_6_131.csv,9807806,e55983224eaedc4eb6c298e233e6b5db5930a728cd49ece92077f33686333da6
C6,c6/c6/c_6_132.csv,9788012,310ac88247654e34a4968adf352c4f4d3060b1bad7be044bf8a0599e4bb182aa
C6,c6/c6/c_6_133.csv,9817125,ae27ccd3afd2e079e8852cbabe09c9edd233010496e5d47d053cd817a78c12ba
C6,c6/c6/c_6_134.csv,9817207,9f89fd502c6a7afdf81c2005951b1de694882bd04f03d49ef945a7fa75ca6fef
C6,c6/c6/c_6_135.csv,9838784,9f48f1bc0d269c4ea18c21331a1d27b9789e6e34ca1cdd3b9eeac2c1f0781cf8
C6,c6/c6/c_6_136.csv,9844099,e1922eabe8779cb6b9b170dc288801423f1e273a06565d446d51f3c0105bfe11
C6,c6/c6/c_6_137.csv,9802137,eb96dffb940b8b351e2b498c356971af196cabb64d6f8e089323302207090bb0
C6,c6/c6/c_6_138.csv,9798796,979acbabb49ef6c4f8b9861dadee133ec062412164f6e11f85dd6fef97f0622c
C6,c6/c6/c_6_139.csv,9804847,b1a9793e25a7b01519c8f950b26e7ab37a1202fd71d9ddbddee3558492ae97aa
C6,c6/c6/c_6_140.csv,9823894,dbcecc8952afe7b562fa51d259cd6d45905228df870ab22244e121c8225043aa
C6,c6/c6/c_6_141.csv,9807232,925d6f0ab180e3116431918c8e224ea88b0b768fe786353bbd33bbd48718a736
C6,c6/c6/c_6_142.csv,9817605,3b637482fa1f2f8754d727eea9d4298f0e25599d8297e6efcc3a04aedcb30647
C6,c6/c6/c_6_143.csv,9831153,27556406853d9990276eb1a951014933730d6b8dadfa7b503ea7e5a60cc6b861
C6,c6/c6/c_6_144.csv,9831852,a6788ba6c3dfd5c14f98e881da5d1a8680f327c4ec85418d86c7549c3999dc41
C6,c6/c6/c_6_145.csv,9857422,a896d78074572844d0b86596a5c3830c8575969e6fa572988d87b25046f0fc55
C6,c6/c6/c_6_146.csv,9867089,c9515b3a412f0a62fab9bf3ce2783204c948d8dd7bf6d9c0b1d208fbbc4de0fe
C6,c6/c6/c_6_147.csv,9857004,9dd45dc496d0e74b7af2521d188e8f6431fdd5b9f36de54637e966a6ad66329b
C6,c6/c6/c_6_148.csv,9721639,888f43329599358bea5e3b76d31abbd805265065d2caaae042f85a9f7f7a488b
C6,c6/c6/c_6_149.csv,9826329,b386d6952562f5608b16e24d48fac3f00b116de2e7ba5c24993cba21e0d55b1f
C6,c6/c6/c_6_150.csv,9826802,710d39b26a7108fd062f18e8c77b008fcb729999d675fe9bb3050fd29daec645
C6,c6/c6/c_6_151.csv,9824064,af7e18ac11a3b271b8dafaf58cc324d02c9ce1a9556949babd5a10065387ac72
C6,c6/c6/c_6_152.csv,9829152,90bc1c6031d800e1d3999b2f3f559a1f4006cd318d306a80b5aeb1d873a4a8f3
C6,c6/c6/c_6_153.csv,9820099,8bdc3802eb18a2936702708a4306ed658795724f7c259aab7db71434d2003386
C6,c6/c6/c_6_154.csv,9821157,b804b30129bb070ce7f8c0dac318caadcc1c2e4743b23b8efe556e0728b96231
C6,c6/c6/c_6_155.csv,9822893,0e8798b2dd418c5e2395b374edd74f1a74ecba8ff1818808a3f7c17174eadc04
C6,c6/c6/c_6_156.csv,9827311,8e95ac421d2f4b6e0f0bfeda86a386c833a75a44cb17c209a70030c16b475e73
C6,c6/c6/c_6_157.csv,9829603,061aa210d04d3e283f5f13a3af556853ffb4692e9793f72aa133e228eccc6664
C6,c6/c6/c_6_158.csv,9837713,817267e2abc3735525afd65be49da3ca3f060a58fdc519a120e0afb1a65a0813
C6,c6/c6/c_6_159.csv,9841537,bd74a4f1620068de1413415b1abb58f5a2504d2a1b42397b55874b029042c98e
C6,c6/c6/c_6_160.csv,9847301,7d52e86b750abd8a0c5bd3d2f0eb69bae46bb2bfa4e1cd0ba0cde5fc04565207
C6,c6/c6/c_6_161.csv,9858514,8ceca84e373fdd15f3f7c94bb5a26e15ccea7801bddd0b1469cd237a0b0ed075
C6,c6/c6/c_6_162.csv,9877295,2abc7889ae33523b72d2a56502e20ce61c657d4e59f6c4f97657805a977f2e3f
C6,c6/c6/c_6_163.csv,9905524,c8bd6499ea5c4a8cf814ffb5005740ccbbcbd3e1f89894ae7fbc30740ae397b6
C6,c6/c6/c_6_164.csv,9890648,8699a398c9e475847ad8ac8978f20faa9d0a5bfd6e07913abdd7b6dab051ae57
C6,c6/c6/c_6_165.csv,9914617,6e04fdfb7a2bdbf3b7044cafcefbbafd82f13b5d9a69918c8940dd1bd2d81d8e
C6,c6/c6/c_6_166.csv,9902538,bbd83cc6f75b9eb1b75746b6b8ec4b01b2cdd9990768f575f341df6075092b59
C6,c6/c6/c_6_167.csv,9901286,e16f5adcf92367787f8bd90c14c9c9a20346e1471503cf5c27296c01ae4e63c7
C6,c6/c6/c_6_168.csv,9873154,5c7e4ed8766402cb67f034d617698e400a02d816104366eb406df4d58f76fde0
C6,c6/c6/c_6_169.csv,9754220,5d48bb524361bfd8b048f1c4dba91c115a1fa70c5dad722a0f24ef0e59c33ae3
C6,c6/c6/c_6_170.csv,9927988,e1a4396d4ab9788229482e66379a9cc41e16e52504cb7e151729dbe52c500a79
C6,c6/c6/c_6_171.csv,9880281,1e1001308d4077eb80ed7e1539811d786275bd9927ade9332e0f0bae54ac31b7
C6,c6/c6/c_6_172.csv,9886466,5ed6cf8364982218831bbd4028bf24f8754c673c281cc097fccd62e93228a094
C6,c6/c6/c_6_173.csv,9884161,46e62cbcece666fd9b89d8ad20bce953571c83617dff8cd82f597b64da308286
C6,c6/c6/c_6_174.csv,9892219,d639cfed44be77dcbd8a80698e895fd13f1557e7b4e3a142f5b9b6a4117ba0e9
C6,c6/c6/c_6_175.csv,9880615,46dc26d3753c1ed10690127107c0c4b1cc502c33bcab52c8473dc037a792b43b
C6,c6/c6/c_6_176.csv,9886294,a3e6bc3e529cfe9b79e19e67c4e3cc4ec410d6ed9664dd75aae2e4ecab548362
C6,c6/c6/c_6_177.csv,9890301,3ee1153ce1f7ae9e6e68e288f660279420e7e20a9be81273ee3895e7414c674f
C6,c6/c6/c_6_178.csv,9890318,7960f63c3b0bf4ee2a95846db58681919ebfb08ea64b8b548cf0397b9582325f
C6,c6/c6/c_6_179.csv,9899411,6d3ddb5a2aafe81876f77557c13038a9864d774c68c0bfceaa8b11e95e83768b
C6,c6/c6/c_6_180.csv,9896737,9350d12e85e707757c5850841d0f046b055139b85a92ad97e5f21d0d47f0b507
C6,c6/c6/c_6_181.csv,9896603,24ab593f56cef5210cd5269e7ece4c4ea0631e694e8e529f1514860c5eefa802
C6,c6/c6/c_6_182.csv,9899977,4ae702897727575e8393f3fa9dd6cd2dff7681459f3d2f7ba255f2c217d3b924
C6,c6/c6/c_6_183.csv,9882649,3a9f3c57881472c09c6c7b496125058e381f2bec794672929d1ecdef85853117
C6,c6/c6/c_6_184.csv,9901481,fcf924d3feeb0a06aa699bc0f45c65ffc7a3011c0f3406a1c981798f2608552e
C6,c6/c6/c_6_185.csv,9902825,5dab832a0cfb2888bb346959172479d13614f2b782f98cddecf01f314842b276
C6,c6/c6/c_6_186.csv,9914839,a23a84f21d42c9ea2c2bddd35fc2ddbabc539c9ebcc48d77c2294b5b1549e3f0
C6,c6/c6/c_6_187.csv,9912409,e2e9900bd17cc065c1e3d9055605c98653126307beafc4cb8b4cc74d65bcc392
C6,c6/c6/c_6_188.csv,9914548,af9b829dd9f75c2055241b5461d172a08c272eaea28df948e340be1210fe84a9
C6,c6/c6/c_6_189.csv,9914169,0d2f9d3ab9d6c4f112a6f07abcee50feab4906d51f5be5a721322db8c52585dc
C6,c6/c6/c_6_190.csv,9919272,268c3a7969beb63390b195b1f03f017ac2863c22f591f4004ebf7e544dd02bd5
C6,c6/c6/c_6_191.csv,9923535,570472b6d86b71173d0e1b0a022d33ad4c1a0afb2595f7324b09d379885bfcee
C6,c6/c6/c_6_192.csv,9927937,4c4f18abddbee6b02618787a3fb680297519eef78b50e9a5871be9b44d14aed0
C6,c6/c6/c_6_193.csv,9910823,8050036f0b0fd504ed58e8e4012aee8e587a224d416ebe19ed5cefaffc215dbf
C6,c6/c6/c_6_194.csv,9949612,143ee18cc23c17521f20547b17b82512501a039ef1e6af25fe8958fbd00ba9bc
C6,c6/c6/c_6_195.csv,9944265,b5e27e85cd2b2212150df2ba01db48a80add776ffc8e482c2f9c8bad46f3c6d7
C6,c6/c6/c_6_196.csv,9951516,74f3c66b19457ef223f0d34e1bcf48bd2b6431352f630c94ebb4d2d70da0f4ee
C6,c6/c6/c_6_197.csv,9951434,e07ff7961e4f8c5b5a4f0c00dcd5b7ba2c9e4f6556964c88195adeca4ef92ab5
C6,c6/c6/c_6_198.csv,9953734,83402f271063af684688f811c2da78401c3a91fda577ae3711d4facd5f6fd3c9
C6,c6/c6/c_6_199.csv,9957789,4438a01837ed0d10c13f9d9e2830fbd04a843bdef5562cba1b82489dbd121856
C6,c6/c6/c_6_200.csv,9951973,13b5810200e248467c81023f11ca6b53ec9321f2c5928e121c6ec239ac9e7768
C6,c6/c6/c_6_201.csv,9960658,92140114e4e3ee424d7c6eea827aef61d5fc5c52b9e92e6d8a4ff5d1a6fcbe91
C6,c6/c6/c_6_202.csv,9960017,027f0d63f6ce90178ff9a15bc1509dfcfc12742601c540162612c31780cdb0ef
C6,c6/c6/c_6_203.csv,9960462,6f50a6d6d7a49ff8f322aa8fd7576539c1a4aa7fbc7d135d2efd24997c9e6f4d
C6,c6/c6/c_6_204.csv,9952117,d9078f0a63b6d55898c05d4ae4e622b72125c59f4692796cbf6a174888832071
C6,c6/c6/c_6_205.csv,9962055,c668de805860230d5d29beda34df3bdedeb01b69cc9b149daa5c013c98162bd3
C6,c6/c6/c_6_206.csv,9961316,12bcf018e1e7d02d2569d4a461bda787fa9fb70d23a9e48a2ae418d9255dbfa3
C6,c6/c6/c_6_207.csv,9962947,15d7da0ce3187d6ee4d30afdb7e37c45f23edc945594c3fe744a41ff7020fc2c
C6,c6/c6/c_6_208.csv,9965467,ae186fc70db4874bc44aaf2046ed84cd608ebab230ec2bbf481d2de6107b5c79
C6,c6/c6/c_6_209.csv,9969012,e25e1483327efaa0aeb7a3e0f90050f1284f2bd1f55cb92b2818d37a05b15b3b
C6,c6/c6/c_6_210.csv,9965021,ad13f0f830bae1c57259295767dfc066fe0f8198158de21ac230c31ecbc55709
C6,c6/c6/c_6_211.csv,9974671,241a046a55ab1ae2109b73deaeb152d5e10b1c2f511e1393988c6233a3f3c64c
C6,c6/c6/c_6_212.csv,9970022,8666da8af8af9d98c123412aff9247986cab893bb2848d747dc86d4b82fb12a5
C6,c6/c6/c_6_213.csv,9970094,71303d801c3bedc434c7ab8c8d8e4b59d8ff986b41be3988c20b0a327368915d
C6,c6/c6/c_6_214.csv,9970977,e8eb636c8679f067f17fc41900a56b867e82eee859882a5bc8df9cf29d48e816
C6,c6/c6/c_6_215.csv,9948761,f49e05121a4f9b508d8e8db6e37b002aab8704a8d65a1ecf07313c53eb5b469b
C6,c6/c6/c_6_216.csv,9981292,394681358d9531141997959ff78cb022be6be932fbae5fc3484252c043b4c325
C6,c6/c6/c_6_217.csv,9981182,6ac89cfd8909822d4e51ffc5eba6e96e0436a049c127dde762dd6e40ac314632
C6,c6/c6/c_6_218.csv,9940600,9f1b90867155ffda2328e7de4deffc254da5ad87ae06f6fc34b8c80c1ab458bf
C6,c6/c6/c_6_219.csv,9981720,175c517d42bbda7ba4382b82e17cf920d9a199720b232fa48f34db445f115d55
C6,c6/c6/c_6_220.csv,9981914,4d4f8e8506aaa508b231a432dd49c851b55f42ec1c5017eb3c3e03614a23bcce
C6,c6/c6/c_6_221.csv,9985499,00792741636272fbe8879ee7811475206a213a1838868c4b4f7e465a71f0f448
C6,c6/c6/c_6_222.csv,9825862,613b0d86c81e3e2b77766491d84a094dddfacbcc8c15359e80214645d6ed4f55
C6,c6/c6/c_6_223.csv,10002175,995c6884edee81ee32a5ed55b02990c17305e2d0bae056cb381f8e5b811e23f3
C6,c6/c6/c_6_224.csv,9994640,ec4fd8890055164c46fccd326f83cf583396e626617dda5635e276a3bb7d5ae9
C6,c6/c6/c_6_225.csv,9994926,236346a9477a3dbbba1847a687b594abfcb7d5cc7b916fd6670aa6a69fe7d3c8
C6,c6/c6/c_6_226.csv,10018209,c160baad433de04123d658d8790c62d644c0dda5cb2f5ebbf66b7ca7ba3c642f
C6,c6/c6/c_6_227.csv,10013503,e06f884d7413161bf1347e5eaf5318a24897cf508636dab6867d90440d36e824
C6,c6/c6/c_6_228.csv,10022273,7b0de58d738169d92c97a36b50fa45c81d9629b52086c44037cc3a6d8076043a
C6,c6/c6/c_6_229.csv,10016383,63fb910ebbe0e1e28fb965981c1aa9e8f5a25c619728e4484f465b1c4f32a281
C6,c6/c6/c_6_230.csv,10018112,f08b0aa9d22d10546db54c5c56a78e8b92b18f52b6d938a11b888482b10873eb
C6,c6/c6/c_6_231.csv,10033315,a8bb44d116a3ffac4e1139bc466d09d2ac3d6d0a5350a347a505f6138b362464
C6,c6/c6/c_6_232.csv,10022222,495e49fefc7113e93a7c2a5085948f48781ad9da0d429fbd0b1d62f97e3a6eca
C6,c6/c6/c_6_233.csv,10018382,29de69fe43ec0c08c8ea07f1cf764860377815986c9c9ab2251a294222f00b63
C6,c6/c6/c_6_234.csv,10021677,66877e2c1a76d5d118f0ba9c74ec52d4418453269aa9cbb997fa30a0a8b37fde
C6,c6/c6/c_6_235.csv,10025057,0f07fcd5511825eca60cee80ad2537f3c222891848d4ef5c16749bf9f62e314e
C6,c6/c6/c_6_236.csv,10033990,9347f8cb08c3b088bb93ae08188d0a361a9887495f655e973b3dd8895ff98608
C6,c6/c6/c_6_237.csv,10019139,361b5bdffdce75bc441e37bfe2b68b3740f25cdf0b1102e7100c22cac27a8c7b
C6,c6/c6/c_6_238.csv,9720076,e49cfad4eef61bcb42ea49d0c112fc663b318ac6516a9169f210325dd479a0dc
C6,c6/c6/c_6_239.csv,10029395,8dcd58b8a3dcac95b635feca36fd3d547d0adb5498689a6268db20d7f6950223
C6,c6/c6/c_6_240.csv,10038292,b2d8e950a932f91570256a6908f4a197e0214ad314d3957d6d23be459c350e03
C6,c6/c6/c_6_241.csv,10026580,f45682b9e3b7843cec73dbdf49c527037a327685cb6ce9d54fff014f440e3fc7
C6,c6/c6/c_6_242.csv,10029260,3777dbe197e6b8b60a6b8e64c6bdd5567815976eea69c501c60f7fda07ac2c88
C6,c6/c6/c_6_243.csv,10049040,9f22f77cb3878b4a8edc799c197fe527d67ba7365cb9c49afb07694b31c5ef37
C6,c6/c6/c_6_244.csv,10059336,9c476c4181cef0fd01a964186e8597dc69a98fe7cae20b710aa2472bfac54a78
C6,c6/c6/c_6_245.csv,10044883,cc61dfd4a4964e9c5a7ff4399c665f8817c28724cfe929f03700f35be8d01cdd
C6,c6/c6/c_6_246.csv,10036487,571a220049a2a3d376d2d2ae810ec82d42b490792cbae010ad6748ff9c023f6c
C6,c6/c6/c_6_247.csv,10045986,82ed60c56db9a5f2769e3605d188807bb9f82404a20ea0b27f1c00d936011cbf
C6,c6/c6/c_6_248.csv,10048691,a86d887298ce757dcdff8c50372ad57aeebccf11dad520cbaa868ed724963f63
C6,c6/c6/c_6_249.csv,10030369,58e5988fa112692960c1f3ad39e766346c4881a80a10ca0f1599ffeeb3d60923
C6,c6/c6/c_6_250.csv,10032389,1759d29baf9f758ae4afe560d24086fcf038933abc06c9d53053ac6b639f3565
C6,c6/c6/c_6_251.csv,10031939,00e14e9f798e59c3bdbd88074a5b52d86a5b939eee42b18e724756ad47cdecb4
C6,c6/c6/c_6_252.csv,10034107,4f6c13eb240a00b02b3fee9c48088f9717ab5ae364b9042cc65f694f3a16cd8e
C6,c6/c6/c_6_253.csv,10037894,e53aae611188c03f0f0b393e057416bde02d7c902acc7877b0f4876aec34e988
C6,c6/c6/c_6_254.csv,10038103,91491309b198ca2e03cc640cc19963f8b2f033509848be73d2bf180e81389cac
C6,c6/c6/c_6_255.csv,10043155,f5c2e2e174ee34cdae3d0008cc8920f230378526b2a763d20e3cd2c3bd568bd4
C6,c6/c6/c_6_256.csv,10046271,c4c628fdaf4564eedd641f3e3fa542778699d22139c7e8a240576b7917bad985
C6,c6/c6/c_6_257.csv,10047051,188bc26c5279aa9b51b4d11bf21119bf4ce4bb6d137b065eee9ab6514ea18370
C6,c6/c6/c_6_258.csv,10060160,3bf2d54ef4141498ef537f19fd732becf47e14e35dbcac1055b5b15f9b166360
C6,c6/c6/c_6_259.csv,10060916,3893a299ea88adb393351d292cf67129e0b69789df174b974daaaa42b8f24f40
C6,c6/c6/c_6_260.csv,10061548,dfef3b532f43dd0f9699fbd5bf0ec0766abf8215cd8e905409dac0b3ea539596
C6,c6/c6/c_6_261.csv,10071104,b333ed5f97209590dffe7c9340a931a4b39fe8374d70ae846ef3ddc3ab4bd327
C6,c6/c6/c_6_262.csv,10071755,7a22836668d7561f5c1347e1aa167410048d09145465837636788ae6f387a79a
C6,c6/c6/c_6_263.csv,10074818,caee91e10d1259370255699c97eeb535e805f5ed199d55f95c4a3faf40b7ecab
C6,c6/c6/c_6_264.csv,10076052,6407339b5744b1475f48155933ccf3b3d615c5c48eca1eefca79195ed999ec22
C6,c6/c6/c_6_265.csv,10074319,dc0b8112214c9d8cccf60b3eb2a7d4893f7b25dcd399a28e38c15cc9ac4aed09
C6,c6/c6/c_6_266.csv,10082430,0c485d38f380b2bddfdf0054a9377927da853cb9e82ed600e66529cd15a8952d
C6,c6/c6/c_6_267.csv,10074396,93545a70b523ef02580506b5e3e5e0effaadc2df385a64018320d68cd46ac0a9
C6,c6/c6/c_6_268.csv,10059100,f385ae5708c7da6b3724bd3f70a1f6c1932bc9d37221dce3a52cf97559c05df5
C6,c6/c6/c_6_269.csv,10075149,3a7eb33510218977c530f9ec4eb13c794fee4742fa866cbe2a804a6d451ff178
C6,c6/c6/c_6_270.csv,10082621,480d700ea385012d612b2a63f268d16edc6bebca2937c423ac3b059d11865cbd
C6,c6/c6/c_6_271.csv,10078164,9ec18c51f94a9cac0a4deca5a818d9a17925c56d14effd052d1a0d106890839f
C6,c6/c6/c_6_272.csv,10081437,1d343c8e6d7e059189197de40f088ba7f0ede0ee0f5f677014983002e91c8d69
C6,c6/c6/c_6_273.csv,10079614,119b8195752707886f9fb199c02ab707c4a23ff52e6355eae55a34a3e8f5b251
C6,c6/c6/c_6_274.csv,10084892,6c1b6218aaa54c237522ac707419f4f5157a57a60d280aa45e198add155c8667
C6,c6/c6/c_6_275.csv,10086610,163b9b4affab428cc7f65eac3c4e3b0b53cacf6b6a54e6ff1b2b84c028213b9c
C6,c6/c6/c_6_276.csv,10090774,0612acce72ff03734ef55a3d42bbd70e4d2c6ed9d8c55bf528e8b4438fbc8552
C6,c6/c6/c_6_277.csv,10085740,06f9a75941139bd3ed8f9c88a185eca512510a5b332061ddec36bb9db1698e88
C6,c6/c6/c_6_278.csv,9755111,734a9e1663aff3270d5a23fb759e986259ecd959d2d65b4eead370ac0ed9940b
C6,c6/c6/c_6_279.csv,10053489,4144c4e54da9caf7ee28a52ab4827bbc668a5eab25185af0af3453403abd3c02
C6,c6/c6/c_6_280.csv,10090619,b3f51169afeceef80a6bab5ddb88203673733a2084125265a7c78aa25bfeccd8
C6,c6/c6/c_6_281.csv,10090079,faa2bc01f6b5c855ce4e95064fa5db75c6fe166a9f01f8bdca54e40a3e5d532d
C6,c6/c6/c_6_282.csv,10092846,22186ac47667de8020172e8224386ad470d50a37c34aa07c0c63f25935da5eb4
C6,c6/c6/c_6_283.csv,10086778,46a954eff1e5fb864870dd54ec25a73bc2763793ad922cd51acbe662a1bef53f
C6,c6/c6/c_6_284.csv,10092738,2378ed991c83d9a3694550c99ad9f10b0d2376ed72549b9a6ec5b28513e0106b
C6,c6/c6/c_6_285.csv,10091616,cbab28ed6446e74202bc4bd70f48f649e329fe0dbd38d7cfc71dd3954628c6f0
C6,c6/c6/c_6_286.csv,10098080,4115ccf4b413db375dd187054c3b9ec1fb9dcc704c947b8eb97161edf1e84e59
C6,c6/c6/c_6_287.csv,10094441,1b60346e0dced430c61140491707575bacdcce31b0e26a4added80814c5cd6d0
C6,c6/c6/c_6_288.csv,10099583,524fb52d262f5ea6e1ec970e8f9fc10fc70dbe9438a77fa45b2d9a65db2e7ce6
C6,c6/c6/c_6_289.csv,10333519,bd2fb5596b189a38aa5c70426cc988fdac07849097fcf966f10ad5ce69afa39e
C6,c6/c6/c_6_290.csv,10118583,d4573acd11ed9404c994f43486e6ad6587ffe50801f900abb28ff5bd09fc1cdb
C6,c6/c6/c_6_291.csv,10136288,4bc7707840f4e5064d13b1d0564154b66a3fbb1d3ec661f367e2114b2fcde93c
C6,c6/c6/c_6_292.csv,10131171,ea8518a14e33cf85ba20a2016d648f2c32b47a9a940c29fe25ac32dc281bb335
C6,c6/c6/c_6_293.csv,10142368,8f87f911d82bd52a97314f5b36a314e4184f77bcd82e5ff5a18dd4e3bab50daa
C6,c6/c6/c_6_294.csv,10148370,40f577a1b89de61d1edf21363e37a78eb475e6f90f873b09dd378deb0555ca5e
C6,c6/c6/c_6_295.csv,10139369,f5ec6c37f6fd82d9ca05957265f0e37452882bdc2d0cc59ced4fd9b2af77f0cf
C6,c6/c6/c_6_296.csv,10143498,7426ad848cc4627a67c03432c0739c877a776bee5a4ddc702af43d6c04b1c0ac
C6,c6/c6/c_6_297.csv,10138268,b9b81594c3e16ab68f02bed744e3f53d077338a82cc2e0f8f9b95aab8d3243b8
C6,c6/c6/c_6_298.csv,10147534,027215292967c55862b5d90574e8da88a6da7c656163530cf99691109effd0fb
C6,c6/c6/c_6_299.csv,10150788,32800f4daf9bc6dca2da16d36b1e8d45e0f78162f4e624b90f0a11acd55b8a63
C6,c6/c6/c_6_300.csv,10101632,90128291aa143bb4de15e5dd63a9ad692a599b464fd95172efc0f72fe9fdbbcb
C6,c6/c6/c_6_301.csv,10106333,d66de548105af378f2d5abb84707a57b33f8221c7c92d92dcdd7b14969883b87
C6,c6/c6/c_6_302.csv,10092349,d3678af8de47d92747a4b35d1b98f5ec091a4449ac12ef203541c27d0b137c15
C6,c6/c6/c_6_303.csv,10087812,387a2238bc881159da5e5369668aa48208ab2ccffffc6c9b2433fcef148723fa
C6,c6/c6/c_6_304.csv,10088944,02a71622e2ec8676920d091087f9ca4251235bac2f91dde461aa4fc4ac2a4806
C6,c6/c6/c_6_305.csv,10082908,b4cee1447477bfcfe8ff7c15343d8d2be754b25491b70cf89d5774cea7c5213c
C6,c6/c6/c_6_306.csv,10084154,c116c45461b01dc93fb2af932f40dbad75d91ec7e10b4d99edfc4c0e38479313
C6,c6/c6/c_6_307.csv,10081746,f63b9a1c4880b443db046681ed302d8e436ee33033b022f233d7092b4b18e90b
C6,c6/c6/c_6_308.csv,10084323,9fd250dc3f2413f65ac9a1fbf2acf4b2c2f1bd1c7cc9b175de3536f216e51716
C6,c6/c6/c_6_309.csv,10073025,01c6f9045b53f5dec6d6b14fc7c293e6e179d60e54f1f1b058c7ed3f3ca0dcf6
C6,c6/c6/c_6_310.csv,10063539,140a6246219591549c734daa156a7229509e03af005fbdf871b70f296633809a
C6,c6/c6/c_6_311.csv,9894781,81dd2710b44d2e6dccbc9a946a66a6568b8ba0fef40b646edec3eee606fc674f
C6,c6/c6/c_6_312.csv,10065184,50b26963c95151f802136147697cfa6355174a49a9143578882df1f86adc974e
C6,c6/c6/c_6_313.csv,10055210,655fb0ee4fd77a4e8437815aa2749ba059cd381e27560e5238bf32a5ff09f277
C6,c6/c6/c_6_314.csv,10052715,fb4b3b7a64cb78e539c0c32c401c2131749f42240f1cc5281e1abb910ad40a03
C6,c6/c6/c_6_315.csv,10046883,b2d3c140549581650400b38cf5043e09d260c8870e30063985ca7b7f82b6acbb
C6,c6/c6_wear.csv,12731,7a80b692fd60a75c71ee4edbba9115cec3052c7d0205376b0ee876ddcc0fee7f
